timestamp,device,rle_smoothed,rle_raw,rle_norm,E_th,E_pw,temp_c,vram_temp_c,power_w,util_pct,a_load,t_sustain_s,fan_pct,rolling_peak,collapse,alerts,cpu_freq_ghz,cycles_per_joule
2025-10-30T19:52:36.719572Z,cpu,0.998336,0.998336,0.209978,0.998336,1.0,,,79.38,63.5,0.635,600.0,,0.0,0.0,,1.804,22727560.0
2025-10-30T19:52:37.733887Z,cpu,0.998336,0.998336,0.569797,0.998336,1.0,,,25.88,20.7,0.207,600.0,,0.0,0.0,,1.804,69719810.0
2025-10-30T19:52:38.735489Z,cpu,0.998336,0.998336,0.269657,0.998336,1.0,,,60.62,48.5,0.485,600.0,,0.0,0.0,,1.804,29756700.0
2025-10-30T19:52:39.736647Z,cpu,0.998336,0.998336,0.328852,0.998336,1.0,,,48.75,39.0,0.39,600.0,,0.0,0.0,,1.804,37005130.0
2025-10-30T19:52:40.740645Z,cpu,0.811192,0.062614,0.346464,0.062614,1.0,,,36.38,29.1,0.291,600.0,,0.0,0.0,,1.804,49594500.0
2025-10-30T19:52:41.750646Z,cpu,0.624955,0.067155,0.235832,0.067155,1.0,,,41.88,33.5,0.335,600.0,,0.0,0.0,,1.804,43080600.0
2025-10-30T19:52:42.755664Z,cpu,0.439704,0.072079,0.150399,0.072079,1.0,,,46.75,37.4,0.374,600.0,,0.0,0.0,,1.804,38588240.0
2025-10-30T19:52:43.762663Z,cpu,0.254503,0.072334,0.121842,0.072334,1.0,,,31.88,25.5,0.255,600.0,,0.0,0.0,,1.804,56596080.0
2025-10-30T19:52:44.773448Z,cpu,0.067836,0.065001,0.014613,0.065001,1.0,,,77.38,61.9,0.619,600.0,,0.0,0.0,,1.804,23315020.0
2025-10-30T19:52:45.775560Z,cpu,0.068898,0.067924,0.020054,0.067924,1.0,,,55.88,44.7,0.447,600.0,,0.0,0.0,,1.804,32286350.0
2025-10-30T19:52:46.777970Z,cpu,0.070209,0.073708,0.01666,0.073708,1.0,,,69.75,55.8,0.558,600.0,,0.0,0.0,,1.804,25863800.0
2025-10-30T19:52:47.794204Z,cpu,0.071465,0.078356,0.016707,0.078356,1.0,,,70.88,56.7,0.567,600.0,,0.0,0.0,,1.804,25453260.0
2025-10-30T19:52:48.799678Z,cpu,0.071724,0.073631,0.016261,0.073631,1.0,,,73.25,58.6,0.586,600.0,,0.0,0.0,,1.804,24627990.0
2025-10-30T19:52:49.801651Z,cpu,0.072728,0.070022,0.016105,0.070022,1.0,,,75.12,60.1,0.601,600.0,,0.0,0.0,,1.804,24013310.0
2025-10-30T19:52:50.804636Z,cpu,0.073057,0.069565,0.0151,0.069565,1.0,,,85.12,68.1,0.681,600.0,,0.0,0.0,,1.804,21192360.0
2025-10-30T19:52:51.807663Z,cpu,0.073506,0.075954,0.019235,0.075954,1.0,,,62.75,50.2,0.502,600.0,,0.0,0.0,,1.804,28749000.0
2025-10-30T19:52:52.809446Z,cpu,0.069056,0.056105,0.083596,0.056105,1.0,,,119.25,95.4,0.954,600.0,,0.0,0.0,,1.804,15127880.0
2025-10-30T19:52:53.964427Z,cpu,0.066986,0.063281,0.028809,0.063281,1.0,,,106.5,85.2,0.852,600.0,,0.0,0.0,,1.804,16938970.0
2025-10-30T19:52:54.969250Z,cpu,0.065128,0.060734,0.020033,0.060734,1.0,,,98.62,78.9,0.789,600.0,,0.0,0.0,,1.804,18291510.0
2025-10-30T19:52:55.971035Z,cpu,0.064666,0.067257,0.013364,0.067257,1.0,,,80.88,64.7,0.647,600.0,,0.0,0.0,,1.804,22306030.0
2025-10-30T19:52:56.978219Z,cpu,0.063253,0.068886,0.013813,0.068886,1.0,,,76.25,61.0,0.61,600.0,,0.0,0.0,,1.804,23659020.0
2025-10-30T19:52:57.982390Z,cpu,0.063754,0.058611,0.021651,0.058611,1.0,,,47.12,37.7,0.377,600.0,,0.0,0.0,,1.804,38281170.0
2025-10-30T19:52:58.985363Z,cpu,0.062618,0.057604,0.015423,0.057604,1.0,,,67.0,53.6,0.536,600.0,,0.0,0.0,,1.804,26925370.0
2025-10-30T19:52:59.988292Z,cpu,0.061124,0.053263,0.018748,0.053263,1.0,,,52.75,42.2,0.422,600.0,,0.0,0.0,,1.804,34199050.0
2025-10-30T19:53:00.991207Z,cpu,0.058297,0.053121,0.013651,0.053121,1.0,,,70.75,56.6,0.566,600.0,,0.0,0.0,,1.804,25498230.0
2025-10-30T19:53:02.002981Z,cpu,0.055231,0.053556,0.013843,0.053556,1.0,,,65.75,52.6,0.526,600.0,,0.0,0.0,,1.804,27437260.0
2025-10-30T19:53:03.005445Z,cpu,0.056914,0.067028,0.012761,0.067028,1.0,,,74.12,59.3,0.593,600.0,,0.0,0.0,,1.804,24337270.0
2025-10-30T19:53:04.007965Z,cpu,0.061611,0.081087,0.012339,0.081087,1.0,,,83.62,66.9,0.669,600.0,,0.0,0.0,,1.804,21572500.0
2025-10-30T19:53:05.011480Z,cpu,0.067882,0.084619,0.018534,0.084619,1.0,,,95.12,76.1,0.761,600.0,,0.0,0.0,,1.804,18964520.0
2025-10-30T19:53:06.015320Z,cpu,0.074583,0.086624,0.016829,0.086624,1.0,,,73.62,58.9,0.589,600.0,,0.0,0.0,,1.804,24502550.0
2025-10-30T19:53:07.017100Z,cpu,0.081103,0.086155,0.017366,0.086155,1.0,,,77.88,62.3,0.623,600.0,,0.0,0.0,,1.804,23165330.0
2025-10-30T19:53:08.021295Z,cpu,0.088545,0.10424,0.021294,0.10424,1.0,,,68.75,55.0,0.55,600.0,,0.0,0.0,,1.804,26240000.0
2025-10-30T19:53:09.022998Z,cpu,0.09349,0.105812,0.021435,0.105812,1.0,,,72.38,57.9,0.579,600.0,,0.0,0.0,,1.804,24925730.0
2025-10-30T19:53:10.024596Z,cpu,0.099644,0.115386,0.027975,0.115386,1.0,,,58.12,46.5,0.465,600.0,,0.0,0.0,,1.804,31036560.0
2025-10-30T19:53:11.026185Z,cpu,0.103926,0.108036,0.02786,0.108036,1.0,,,61.12,48.9,0.489,600.0,,0.0,0.0,,1.804,29513290.0
2025-10-30T19:53:12.028171Z,cpu,0.107341,0.103229,0.029271,0.103229,1.0,,,60.0,48.0,0.48,600.0,,0.0,0.0,,1.804,30066670.0
2025-10-30T19:53:13.031519Z,cpu,0.106644,0.100755,0.022008,0.100755,1.0,,,81.0,64.8,0.648,600.0,,0.0,0.0,,1.804,22271600.0
2025-10-30T19:53:14.033510Z,cpu,0.103226,0.088726,0.034562,0.088726,1.0,,,47.87,38.3,0.383,600.0,,0.0,0.0,,1.804,37681460.0
2025-10-30T19:53:15.035584Z,cpu,0.10098,0.104156,0.032149,0.104156,1.0,,,50.62,40.5,0.405,600.0,,0.0,0.0,,1.804,35634570.0
2025-10-30T19:53:16.037566Z,cpu,0.100535,0.105811,0.023503,0.105811,1.0,,,70.88,56.7,0.567,600.0,,0.0,0.0,,1.804,25453260.0
2025-10-30T19:53:17.040996Z,cpu,0.095789,0.079498,0.030285,0.079498,1.0,,,99.38,79.5,0.795,600.0,,0.0,0.0,,1.804,18153460.0
2025-10-30T19:53:18.044035Z,cpu,0.091127,0.077443,0.019338,0.077443,1.0,,,78.62,62.9,0.629,600.0,,0.0,0.0,,1.804,22944360.0
2025-10-30T19:53:19.045747Z,cpu,0.088935,0.077767,0.021388,0.077767,1.0,,,68.75,55.0,0.55,600.0,,0.0,0.0,,1.804,26240000.0
2025-10-30T19:53:20.047651Z,cpu,0.082866,0.07381,0.027359,0.07381,1.0,,,48.62,38.9,0.389,600.0,,0.0,0.0,,1.804,37100260.0
2025-10-30T19:53:21.049928Z,cpu,0.075926,0.071113,0.024011,0.071113,1.0,,,51.0,40.8,0.408,600.0,,0.0,0.0,,1.804,35372550.0
2025-10-30T19:53:22.051515Z,cpu,0.073802,0.068876,0.023549,0.068876,1.0,,,50.5,40.4,0.404,600.0,,0.0,0.0,,1.804,35722770.0
2025-10-30T19:53:23.053561Z,cpu,0.072298,0.069922,0.024206,0.069922,1.0,,,47.87,38.3,0.383,600.0,,0.0,0.0,,1.804,37681460.0
2025-10-30T19:53:24.055210Z,cpu,0.06856,0.059078,0.042352,0.059078,1.0,,,23.5,18.8,0.188,600.0,,0.0,0.0,,1.804,76765960.0
2025-10-30T19:53:25.057557Z,cpu,0.065484,0.058432,0.022671,0.058432,1.0,,,46.12,36.9,0.369,600.0,,0.0,0.0,,1.804,39111110.0
2025-10-30T19:53:26.059824Z,cpu,0.062506,0.056222,0.028858,0.056222,1.0,,,33.25,26.6,0.266,600.0,,0.0,0.0,,1.804,54255640.0
2025-10-30T19:53:27.062328Z,cpu,0.064103,0.07686,0.024646,0.07686,1.0,,,41.0,32.8,0.328,600.0,,0.0,0.0,,1.804,44000000.0
2025-10-30T19:53:28.064470Z,cpu,0.069613,0.097472,0.02938,0.097472,1.0,,,36.88,29.5,0.295,600.0,,0.0,0.0,,1.804,48922030.0
2025-10-30T19:53:29.065927Z,cpu,0.08343,0.128163,0.035316,0.128163,1.0,,,36.75,29.4,0.294,600.0,,0.0,0.0,,1.804,49088440.0
2025-10-30T19:53:30.067497Z,cpu,0.096336,0.122963,0.050163,0.122963,1.0,,,28.88,23.1,0.231,600.0,,0.0,0.0,,1.804,62476190.0
2025-10-30T19:53:31.069393Z,cpu,0.110899,0.129037,0.038024,0.129037,1.0,,,46.62,37.3,0.373,600.0,,0.0,0.0,,1.804,38691690.0
2025-10-30T19:53:32.071281Z,cpu,0.123362,0.139176,0.058665,0.139176,1.0,,,32.12,25.7,0.257,600.0,,0.0,0.0,,1.804,56155640.0
2025-10-30T19:53:33.072996Z,cpu,0.134109,0.151206,0.051842,0.151206,1.0,,,40.75,32.6,0.326,600.0,,0.0,0.0,,1.804,44269940.0
2025-10-30T19:53:34.074485Z,cpu,0.138632,0.150778,0.086011,0.150778,1.0,,,23.38,18.7,0.187,600.0,,0.0,0.0,,1.804,77176470.0
2025-10-30T19:53:35.076526Z,cpu,0.147236,0.165985,0.065434,0.165985,1.0,,,34.75,27.8,0.278,600.0,,0.0,0.0,,1.804,51913670.0
2025-10-30T19:53:36.078408Z,cpu,0.151162,0.148665,0.091788,0.148665,1.0,,,24.0,19.2,0.192,600.0,,0.0,0.0,,1.804,75166670.0
2025-10-30T19:53:37.079768Z,cpu,0.154233,0.154531,0.067491,0.154531,1.0,,,35.38,28.3,0.283,600.0,,0.154233,0.0,,1.804,50996470.0
2025-10-30T19:53:38.081105Z,cpu,0.152294,0.141511,0.098339,0.141511,1.0,,,22.25,17.8,0.178,600.0,,0.153924,0.0,,1.804,81078650.0
2025-10-30T19:53:39.082410Z,cpu,0.15079,0.14326,0.068075,0.14326,1.0,,,34.12,27.3,0.273,600.0,,0.153616,0.0,,1.804,52864470.0
2025-10-30T19:53:40.084126Z,cpu,0.145089,0.137479,0.088477,0.137479,1.0,,,23.88,19.1,0.191,600.0,,0.153309,0.0,,1.804,75560210.0
2025-10-30T19:53:41.087119Z,cpu,0.131409,0.080267,0.029793,0.080267,1.0,,,73.25,58.6,0.586,600.0,,0.153003,0.0,,1.804,24627990.0
2025-10-30T19:53:42.089331Z,cpu,0.116471,0.079839,0.045393,0.079839,1.0,,,40.37,32.3,0.323,600.0,,0.152697,0.0,,1.804,44681110.0
2025-10-30T19:53:43.091795Z,cpu,0.103547,0.07689,0.033413,0.07689,1.0,,,49.87,39.9,0.399,600.0,,0.152391,0.0,,1.804,36170430.0
2025-10-30T19:53:44.093217Z,cpu,0.090103,0.076041,0.060087,0.076041,1.0,,,21.38,17.1,0.171,600.0,,0.152086,0.0,,1.804,84397660.0
2025-10-30T19:53:45.094952Z,cpu,0.0778,0.075966,0.035803,0.075966,1.0,,,33.38,26.7,0.267,600.0,,0.151782,0.0,,1.804,54052430.0
2025-10-30T19:53:46.096329Z,cpu,0.076808,0.075304,0.049596,0.075304,1.0,,,22.25,17.8,0.178,600.0,,0.151479,0.0,,1.804,81078650.0
2025-10-30T19:53:47.098275Z,cpu,0.0759,0.0753,0.033522,0.0753,1.0,,,35.0,28.0,0.28,600.0,,0.151176,0.0,,1.804,51542860.0
2025-10-30T19:53:48.100041Z,cpu,0.075491,0.074843,0.050818,0.074843,1.0,,,21.12,16.9,0.169,600.0,,0.150873,0.0,,1.804,85396450.0
2025-10-30T19:53:49.101681Z,cpu,0.075248,0.074826,0.034297,0.074826,1.0,,,33.75,27.0,0.27,600.0,,0.150572,0.0,,1.804,53451850.0
2025-10-30T19:53:50.103619Z,cpu,0.0748,0.073726,0.050833,0.073726,1.0,,,20.87,16.7,0.167,600.0,,0.150271,0.0,,1.804,86419160.0
2025-10-30T19:53:51.105048Z,cpu,0.08358,0.119205,0.038094,0.119205,1.0,,,33.75,27.0,0.27,600.0,,0.14997,0.0,,1.804,53451850.0
2025-10-30T19:53:52.106444Z,cpu,0.093041,0.122606,0.057725,0.122606,1.0,,,23.38,18.7,0.187,600.0,,0.14967,0.0,,1.804,77176470.0
2025-10-30T19:53:53.108507Z,cpu,0.112354,0.17141,0.052382,0.17141,1.0,,,32.88,26.3,0.263,600.0,,0.149371,0.0,,1.804,54874520.0
2025-10-30T19:53:54.110320Z,cpu,0.132146,0.173784,0.084945,0.173784,1.0,,,22.38,17.9,0.179,600.0,,0.149072,0.0,,1.804,80625700.0
2025-10-30T19:53:55.111892Z,cpu,0.151986,0.172924,0.069272,0.172924,1.0,,,33.75,27.0,0.27,600.0,,0.151986,0.0,,1.804,53451850.0
2025-10-30T19:53:56.113414Z,cpu,0.160942,0.163988,0.118405,0.163988,1.0,,,18.88,15.1,0.151,600.0,,0.160942,0.0,,1.804,95576160.0
2025-10-30T19:53:57.138633Z,cpu,0.170195,0.168869,0.079348,0.168869,1.0,,,32.88,26.3,0.263,600.0,,0.170195,0.0,,1.804,54874520.0
2025-10-30T19:53:58.140270Z,cpu,0.1692,0.166437,0.118371,0.166437,1.0,,,20.12,16.1,0.161,600.0,,0.169854,0.0,,1.804,89639750.0
2025-10-30T19:53:59.141811Z,cpu,0.168417,0.16987,0.080091,0.16987,1.0,,,32.12,25.7,0.257,600.0,,0.169515,0.0,,1.804,56155640.0
2025-10-30T19:54:00.143285Z,cpu,0.169182,0.176747,0.100587,0.176747,1.0,,,24.62,19.7,0.197,600.0,,0.169182,0.0,,1.804,73258880.0
2025-10-30T19:54:01.144984Z,cpu,0.170247,0.16931,0.072932,0.16931,1.0,,,36.25,29.0,0.29,600.0,,0.170247,0.0,,1.804,49765520.0
2025-10-30T19:54:05.814321Z,cpu,0.998336,0.998336,0.486108,0.998336,1.0,,,31.25,25.0,0.25,600.0,,0.0,0.0,,1.804,57728000.0
2025-10-30T19:54:06.818458Z,cpu,0.998336,0.998336,0.34731,0.998336,1.0,,,45.88,36.7,0.367,600.0,,0.0,0.0,,1.804,39324250.0
2025-10-30T19:54:07.822501Z,cpu,0.998336,0.998336,0.395579,0.998336,1.0,,,39.62,31.7,0.317,600.0,,0.0,0.0,,1.804,45526810.0
2025-10-30T19:54:08.823957Z,cpu,0.998336,0.998336,0.428965,0.998336,1.0,,,36.12,28.9,0.289,600.0,,0.0,0.0,,1.804,49937720.0
2025-10-30T19:54:17.084186Z,cpu,0.998336,0.998336,0.34066,0.998336,1.0,,,46.88,37.5,0.375,600.0,,0.0,0.0,,1.804,38485330.0
2025-10-30T19:54:18.087286Z,cpu,0.998336,0.998336,0.61405,0.998336,1.0,,,23.62,18.9,0.189,600.0,,0.0,0.0,,1.804,76359790.0
2025-10-30T19:54:19.088645Z,cpu,0.998336,0.998336,0.456483,0.998336,1.0,,,33.62,26.9,0.269,600.0,,0.0,0.0,,1.804,53650560.0
2025-10-30T19:54:20.089832Z,cpu,0.998336,0.998336,0.611412,0.998336,1.0,,,23.75,19.0,0.19,600.0,,0.0,0.0,,1.804,75957890.0
2025-10-30T19:54:21.091408Z,cpu,0.824053,0.126918,0.366221,0.126918,1.0,,,34.75,27.8,0.278,600.0,,0.0,0.0,,1.804,51913670.0
2025-10-30T19:54:22.093296Z,cpu,0.648837,0.122258,0.440938,0.122258,1.0,,,20.87,16.7,0.167,600.0,,0.0,0.0,,1.804,86419160.0
2025-10-30T19:54:23.095140Z,cpu,0.475019,0.129247,0.21243,0.129247,1.0,,,34.5,27.6,0.276,600.0,,0.0,0.0,,1.804,52289860.0
2025-10-30T19:54:24.096942Z,cpu,0.301383,0.130154,0.191146,0.130154,1.0,,,22.75,18.2,0.182,600.0,,0.0,0.0,,1.804,79296700.0
2025-10-30T19:54:25.098394Z,cpu,0.12886,0.135722,0.058732,0.135722,1.0,,,33.75,27.0,0.27,600.0,,0.0,0.0,,1.804,53451850.0
2025-10-30T19:54:26.100437Z,cpu,0.130135,0.133295,0.089721,0.133295,1.0,,,20.5,16.4,0.164,600.0,,0.0,0.0,,1.804,88000000.0
2025-10-30T19:54:27.101864Z,cpu,0.139504,0.169104,0.061234,0.169104,1.0,,,35.25,28.2,0.282,600.0,,0.0,0.0,,1.804,51177300.0
2025-10-30T19:54:28.103309Z,cpu,0.145493,0.159189,0.105407,0.159189,1.0,,,19.25,15.4,0.154,600.0,,0.0,0.0,,1.804,93714290.0
2025-10-30T19:54:29.104611Z,cpu,0.149108,0.148228,0.060426,0.148228,1.0,,,38.62,30.9,0.309,600.0,,0.0,0.0,,1.804,46705500.0
2025-10-30T19:54:30.106390Z,cpu,0.150148,0.140923,0.109896,0.140923,1.0,,,19.0,15.2,0.152,600.0,,0.0,0.0,,1.804,94947370.0
2025-10-30T19:54:31.107853Z,cpu,0.152127,0.14319,0.070693,0.14319,1.0,,,33.0,26.4,0.264,600.0,,0.0,0.0,,1.804,54666670.0
2025-10-30T19:54:32.109317Z,cpu,0.147456,0.14575,0.093521,0.14575,1.0,,,22.75,18.2,0.182,600.0,,0.0,0.0,,1.804,79296700.0
2025-10-30T19:54:33.110781Z,cpu,0.14453,0.144561,0.06344,0.144561,1.0,,,35.25,28.2,0.282,600.0,,0.0,0.0,,1.804,51177300.0
2025-10-30T19:54:34.112766Z,cpu,0.143365,0.142403,0.096508,0.142403,1.0,,,21.12,16.9,0.169,600.0,,0.0,0.0,,1.804,85396450.0
2025-10-30T19:54:35.114157Z,cpu,0.1439,0.143598,0.067309,0.143598,1.0,,,32.75,26.2,0.262,600.0,,0.0,0.0,,1.804,55083970.0
2025-10-30T19:54:36.115412Z,cpu,0.1439,0.143191,0.10018,0.143191,1.0,,,20.25,16.2,0.162,600.0,,0.0,0.0,,1.804,89086420.0
2025-10-30T19:54:37.117191Z,cpu,0.134225,0.097373,0.038058,0.097373,1.0,,,57.5,46.0,0.46,600.0,,0.0,0.0,,1.804,31373910.0
2025-10-30T19:54:38.119289Z,cpu,0.125434,0.100607,0.052473,0.100607,1.0,,,37.25,29.8,0.298,600.0,,0.0,0.0,,1.804,48429530.0
2025-10-30T19:54:39.121173Z,cpu,0.1171,0.10073,0.047726,0.10073,1.0,,,38.38,30.7,0.307,600.0,,0.0,0.0,,1.804,47009770.0
2025-10-30T19:54:40.123164Z,cpu,0.109141,0.103806,0.06953,0.103806,1.0,,,22.63,18.1,0.181,600.0,,0.0,0.0,,1.804,79734810.0
2025-10-30T19:54:41.125048Z,cpu,0.100467,0.099818,0.037126,0.099818,1.0,,,42.88,34.3,0.343,600.0,,0.0,0.0,,1.804,42075800.0
2025-10-30T19:54:42.126922Z,cpu,0.101406,0.102067,0.05719,0.102067,1.0,,,26.25,21.0,0.21,600.0,,0.0,0.0,,1.804,68723810.0
2025-10-30T19:54:43.131131Z,cpu,0.098581,0.086482,0.027896,0.086482,1.0,,,57.62,46.1,0.461,600.0,,0.0,0.0,,1.804,31305860.0
2025-10-30T19:54:44.136766Z,cpu,0.094657,0.081111,0.025519,0.081111,1.0,,,60.75,48.6,0.486,600.0,,0.0,0.0,,1.804,29695470.0
2025-10-30T19:54:45.172548Z,cpu,0.083419,0.047617,0.04198,0.047617,1.0,,,109.38,87.5,0.875,600.0,,0.0,0.0,,1.804,16493710.0
2025-10-30T19:54:46.331789Z,cpu,0.072191,0.043676,0.021714,0.043676,1.0,,,98.0,78.4,0.784,600.0,,0.0,0.0,,1.804,18408160.0
2025-10-30T19:54:47.340995Z,cpu,0.06007,0.041465,0.012607,0.041465,1.0,,,85.75,68.6,0.686,600.0,,0.0,0.0,,1.804,21037900.0
2025-10-30T19:54:48.343720Z,cpu,0.05102,0.041234,0.022534,0.041234,1.0,,,35.0,28.0,0.28,600.0,,0.0,0.0,,1.804,51542860.0
2025-10-30T19:54:49.348496Z,cpu,0.043235,0.042183,0.01282,0.042183,1.0,,,54.75,43.8,0.438,600.0,,0.0,0.0,,1.804,32949770.0
2025-10-30T19:54:50.352670Z,cpu,0.042456,0.043724,0.020532,0.043724,1.0,,,31.5,25.2,0.252,600.0,,0.0,0.0,,1.804,57269840.0
2025-10-30T19:54:51.354126Z,cpu,0.042284,0.042814,0.018733,0.042814,1.0,,,34.87,27.9,0.279,600.0,,0.0,0.0,,1.804,51727600.0
2025-10-30T19:54:52.355653Z,cpu,0.042597,0.04303,0.023109,0.04303,1.0,,,27.5,22.0,0.22,600.0,,0.0,0.0,,1.804,65600000.0
2025-10-30T19:54:53.356994Z,cpu,0.042702,0.041761,0.018348,0.041761,1.0,,,36.12,28.9,0.289,600.0,,0.0,0.0,,1.804,49937720.0
2025-10-30T19:54:54.359666Z,cpu,0.042174,0.039541,0.02594,0.039541,1.0,,,23.62,18.9,0.189,600.0,,0.0,0.0,,1.804,76359790.0
2025-10-30T19:54:55.361968Z,cpu,0.043267,0.04919,0.017787,0.04919,1.0,,,38.0,30.4,0.304,600.0,,0.0,0.0,,1.804,47473680.0
2025-10-30T19:54:56.368849Z,cpu,0.047897,0.065961,0.02896,0.065961,1.0,,,24.12,19.3,0.193,600.0,,0.0,0.0,,1.804,74777200.0
2025-10-30T19:54:57.370808Z,cpu,0.064385,0.125472,0.024556,0.125472,1.0,,,41.38,33.1,0.331,600.0,,0.0,0.0,,1.804,43601210.0
2025-10-30T19:54:58.374518Z,cpu,0.080518,0.122427,0.030546,0.122427,1.0,,,41.62,33.3,0.333,600.0,,0.0,0.0,,1.804,43339340.0
2025-10-30T19:54:59.381383Z,cpu,0.101201,0.142954,0.034286,0.142954,1.0,,,47.25,37.8,0.378,600.0,,0.0,0.0,,1.804,38179890.0
2025-10-30T19:55:00.383692Z,cpu,0.119685,0.141611,0.060552,0.141611,1.0,,,29.88,23.9,0.239,600.0,,0.0,0.0,,1.804,60384940.0
2025-10-30T19:55:01.389570Z,cpu,0.134132,0.138197,0.052134,0.138197,1.0,,,40.5,32.4,0.324,600.0,,0.0,0.0,,1.804,44543210.0
2025-10-30T19:55:02.392529Z,cpu,0.137926,0.144439,0.057029,0.144439,1.0,,,37.75,30.2,0.302,600.0,,0.0,0.0,,1.804,47788080.0
2025-10-30T19:55:03.394073Z,cpu,0.141991,0.142751,0.055644,0.142751,1.0,,,40.12,32.1,0.321,600.0,,0.0,0.0,,1.804,44959500.0
2025-10-30T19:55:04.396137Z,cpu,0.146337,0.164685,0.068002,0.164685,1.0,,,33.0,26.4,0.264,600.0,,0.0,0.0,,1.804,54666670.0
2025-10-30T19:55:05.398502Z,cpu,0.148288,0.151369,0.050239,0.151369,1.0,,,47.25,37.8,0.378,600.0,,0.0,0.0,,1.804,38179890.0
2025-10-30T19:55:06.400761Z,cpu,0.154867,0.171091,0.07948,0.171091,1.0,,,29.38,23.5,0.235,600.0,,0.0,0.0,,1.804,61412770.0
2025-10-30T19:55:07.402598Z,cpu,0.160372,0.171961,0.067885,0.171961,1.0,,,36.75,29.4,0.294,600.0,,0.0,0.0,,1.804,49088440.0
2025-10-30T19:55:08.404338Z,cpu,0.164735,0.16457,0.082178,0.16457,1.0,,,30.38,24.3,0.243,600.0,,0.0,0.0,,1.804,59390950.0
2025-10-30T19:55:09.410416Z,cpu,0.163668,0.159347,0.053912,0.159347,1.0,,,48.75,39.0,0.39,600.0,,0.0,0.0,,1.804,37005130.0
2025-10-30T19:55:10.412411Z,cpu,0.165146,0.158762,0.084149,0.158762,1.0,,,29.62,23.7,0.237,600.0,,0.0,0.0,,1.804,60894510.0
2025-10-30T19:55:11.414177Z,cpu,0.160525,0.147983,0.054645,0.147983,1.0,,,47.0,37.6,0.376,600.0,,0.0,0.0,,1.804,38382980.0
2025-10-30T19:55:12.416165Z,cpu,0.15511,0.144888,0.072791,0.144888,1.0,,,32.62,26.1,0.261,600.0,,0.0,0.0,,1.804,55295020.0
2025-10-30T19:55:13.419614Z,cpu,0.150364,0.140839,0.054024,0.140839,1.0,,,44.25,35.4,0.354,600.0,,0.0,0.0,,1.804,40768360.0
2025-10-30T19:55:14.421468Z,cpu,0.1465,0.140026,0.069436,0.140026,1.0,,,32.25,25.8,0.258,600.0,,0.0,0.0,,1.804,55937980.0
2025-10-30T19:55:15.423395Z,cpu,0.141733,0.134927,0.045839,0.134927,1.0,,,49.75,39.8,0.398,600.0,,0.0,0.0,,1.804,36261310.0
2025-10-30T19:55:16.425503Z,cpu,0.139353,0.136086,0.070006,0.136086,1.0,,,30.13,24.1,0.241,600.0,,0.0,0.0,,1.804,59883820.0
2025-10-30T19:55:17.429585Z,cpu,0.136714,0.131693,0.047561,0.131693,1.0,,,45.88,36.7,0.367,600.0,,0.136714,0.0,,1.804,39324250.0
2025-10-30T19:55:18.431471Z,cpu,0.13555,0.135015,0.063195,0.135015,1.0,,,32.88,26.3,0.263,600.0,,0.136441,0.0,,1.804,54874520.0
2025-10-30T19:55:19.433823Z,cpu,0.136359,0.144075,0.051868,0.144075,1.0,,,41.5,33.2,0.332,600.0,,0.136359,0.0,,1.804,43469880.0
2025-10-30T19:55:20.435983Z,cpu,0.13881,0.14718,0.067589,0.14718,1.0,,,31.25,25.0,0.25,600.0,,0.13881,0.0,,1.804,57728000.0
2025-10-30T19:55:21.438341Z,cpu,0.142956,0.156815,0.061611,0.156815,1.0,,,36.0,28.8,0.288,600.0,,0.142956,0.0,,1.804,50111110.0
2025-10-30T19:55:22.440427Z,cpu,0.148434,0.159087,0.055865,0.159087,1.0,,,42.0,33.6,0.336,600.0,,0.148434,0.0,,1.804,42952380.0
2025-10-30T19:55:23.443292Z,cpu,0.153292,0.159303,0.055215,0.159303,1.0,,,44.12,35.3,0.353,600.0,,0.153292,0.0,,1.804,40883850.0
2025-10-30T19:55:24.445162Z,cpu,0.155981,0.157519,0.075691,0.157519,1.0,,,31.38,25.1,0.251,600.0,,0.155981,0.0,,1.804,57498010.0
2025-10-30T19:55:25.447458Z,cpu,0.163407,0.18431,0.067175,0.18431,1.0,,,38.0,30.4,0.304,600.0,,0.163407,0.0,,1.804,47473680.0
2025-10-30T19:55:26.449138Z,cpu,0.171549,0.197528,0.076002,0.197528,1.0,,,34.87,27.9,0.279,600.0,,0.171549,0.0,,1.804,51727600.0
2025-10-30T19:55:27.450833Z,cpu,0.179113,0.196903,0.06216,0.196903,1.0,,,46.0,36.8,0.368,600.0,,0.179113,0.0,,1.804,39217390.0
2025-10-30T19:55:28.452891Z,cpu,0.187318,0.200328,0.084565,0.200328,1.0,,,34.12,27.3,0.273,600.0,,0.187318,0.0,,1.804,52864470.0
2025-10-30T19:55:29.454268Z,cpu,0.19375,0.189679,0.068575,0.189679,1.0,,,45.0,36.0,0.36,600.0,,0.19375,0.0,,1.804,40088890.0
2025-10-30T19:55:30.456072Z,cpu,0.194241,0.186766,0.096558,0.186766,1.0,,,30.5,24.4,0.244,600.0,,0.194241,0.0,,1.804,59147540.0
2025-10-30T19:55:31.457763Z,cpu,0.189718,0.174915,0.065363,0.174915,1.0,,,46.38,37.1,0.371,600.0,,0.193852,0.0,,1.804,38900270.0
2025-10-30T19:55:32.461481Z,cpu,0.184396,0.170291,0.085688,0.170291,1.0,,,33.0,26.4,0.264,600.0,,0.193465,0.0,,1.804,54666670.0
2025-10-30T19:55:33.463109Z,cpu,0.177922,0.167959,0.062817,0.167959,1.0,,,45.12,36.1,0.361,600.0,,0.193078,0.0,,1.804,39977840.0
2025-10-30T19:55:34.464678Z,cpu,0.175444,0.177286,0.075385,0.177286,1.0,,,36.12,28.9,0.289,600.0,,0.192692,0.0,,1.804,49937720.0
2025-10-30T19:55:35.466377Z,cpu,0.172465,0.171872,0.061654,0.171872,1.0,,,44.5,35.6,0.356,600.0,,0.192306,0.0,,1.804,40539330.0
2025-10-30T19:55:36.468769Z,cpu,0.168771,0.156447,0.088203,0.156447,1.0,,,28.75,23.0,0.23,600.0,,0.191922,0.0,,1.804,62747830.0
2025-10-30T19:55:37.473713Z,cpu,0.167755,0.165209,0.068176,0.165209,1.0,,,38.5,30.8,0.308,600.0,,0.191538,0.0,,1.804,46857140.0
2025-10-30T19:55:38.475817Z,cpu,0.1654,0.156182,0.084581,0.156182,1.0,,,29.5,23.6,0.236,600.0,,0.191155,0.0,,1.804,61152540.0
2025-10-30T19:55:39.480728Z,cpu,0.162773,0.164154,0.06414,0.164154,1.0,,,39.88,31.9,0.319,600.0,,0.190772,0.0,,1.804,45241380.0
2025-10-30T19:55:40.483518Z,cpu,0.160437,0.160193,0.083542,0.160193,1.0,,,28.88,23.1,0.231,600.0,,0.190391,0.0,,1.804,62476190.0
2025-10-30T19:55:41.488328Z,cpu,0.164043,0.174477,0.063934,0.174477,1.0,,,40.37,32.3,0.323,600.0,,0.19001,0.0,,1.804,44681110.0
2025-10-30T19:55:42.490704Z,cpu,0.163491,0.16245,0.088696,0.16245,1.0,,,27.5,22.0,0.22,600.0,,0.18963,0.0,,1.804,65600000.0
2025-10-30T19:55:43.492322Z,cpu,0.168111,0.17928,0.069712,0.17928,1.0,,,37.62,30.1,0.301,600.0,,0.189251,0.0,,1.804,47946840.0
2025-10-30T19:55:44.494522Z,cpu,0.167691,0.162055,0.098469,0.162055,1.0,,,25.0,20.0,0.2,600.0,,0.188872,0.0,,1.804,72160000.0
2025-10-30T19:55:45.497443Z,cpu,0.170888,0.176178,0.067152,0.176178,1.0,,,40.0,32.0,0.32,600.0,,0.188495,0.0,,1.804,45100000.0
2025-10-30T19:55:46.501466Z,cpu,0.171736,0.178716,0.086273,0.178716,1.0,,,30.13,24.1,0.241,600.0,,0.188118,0.0,,1.804,59883820.0
2025-10-30T19:55:47.503882Z,cpu,0.175832,0.182931,0.07578,0.182931,1.0,,,36.0,28.8,0.288,600.0,,0.187741,0.0,,1.804,50111110.0
2025-10-30T19:55:48.507964Z,cpu,0.175968,0.179962,0.093682,0.179962,1.0,,,28.12,22.5,0.225,600.0,,0.187366,0.0,,1.804,64142220.0
2025-10-30T19:55:49.510637Z,cpu,0.18146,0.189515,0.078681,0.189515,1.0,,,35.75,28.6,0.286,600.0,,0.186991,0.0,,1.804,50461540.0
2025-10-30T19:55:50.512646Z,cpu,0.183651,0.18713,0.098508,0.18713,1.0,,,27.88,22.3,0.223,600.0,,0.186617,0.0,,1.804,64717490.0
2025-10-30T19:55:51.514040Z,cpu,0.186273,0.191829,0.074639,0.191829,1.0,,,39.12,31.3,0.313,600.0,,0.186273,0.0,,1.804,46108630.0
2025-10-30T19:55:52.516286Z,cpu,0.186578,0.184455,0.108664,0.184455,1.0,,,25.25,20.2,0.202,600.0,,0.186578,0.0,,1.804,71445540.0
2025-10-30T19:55:53.520049Z,cpu,0.186793,0.181038,0.07527,0.181038,1.0,,,38.88,31.1,0.311,600.0,,0.186793,0.0,,1.804,46405140.0
2025-10-30T19:55:54.522313Z,cpu,0.186268,0.186888,0.103414,0.186888,1.0,,,26.75,21.4,0.214,600.0,,0.18642,0.0,,1.804,67439250.0
2025-10-30T19:55:55.525008Z,cpu,0.187755,0.194563,0.077632,0.194563,1.0,,,37.75,30.2,0.302,600.0,,0.187755,0.0,,1.804,47788080.0
2025-10-30T19:55:56.527334Z,cpu,0.187483,0.190471,0.100186,0.190471,1.0,,,28.0,22.4,0.224,600.0,,0.187483,0.0,,1.804,64428570.0
2025-10-30T19:55:57.528580Z,cpu,0.186993,0.182008,0.074717,0.182008,1.0,,,39.25,31.4,0.314,600.0,,0.187108,0.0,,1.804,45961780.0
2025-10-30T19:55:58.530801Z,cpu,0.187935,0.185744,0.09408,0.185744,1.0,,,30.25,24.2,0.242,600.0,,0.187935,0.0,,1.804,59636360.0
2025-10-30T19:55:59.532697Z,cpu,0.187281,0.183619,0.078808,0.183619,1.0,,,37.0,29.6,0.296,600.0,,0.187559,0.0,,1.804,48756760.0
2025-10-30T19:56:00.534969Z,cpu,0.186592,0.19112,0.086992,0.19112,1.0,,,32.88,26.3,0.263,600.0,,0.187184,0.0,,1.804,54874520.0
2025-10-30T19:56:01.537408Z,cpu,0.187509,0.195054,0.077531,0.195054,1.0,,,37.75,30.2,0.302,600.0,,0.187509,0.0,,1.804,47788080.0
2025-10-30T19:56:02.539854Z,cpu,0.195268,0.220804,0.091336,0.220804,1.0,,,32.75,26.2,0.262,600.0,,0.195268,0.0,,1.804,55083970.0
2025-10-30T19:56:03.544262Z,cpu,0.203928,0.229044,0.086839,0.229044,1.0,,,36.5,29.2,0.292,600.0,,0.203928,0.0,,1.804,49424660.0
2025-10-30T19:56:04.545864Z,cpu,0.218983,0.258894,0.090808,0.258894,1.0,,,37.62,30.1,0.301,600.0,,0.218983,0.0,,1.804,47946840.0
2025-10-30T19:56:05.553466Z,cpu,0.227318,0.232795,0.085329,0.232795,1.0,,,42.12,33.7,0.337,600.0,,0.227318,0.0,,1.804,42824930.0
2025-10-30T19:56:06.555488Z,cpu,0.243273,0.27483,0.102673,0.27483,1.0,,,36.88,29.5,0.295,600.0,,0.243273,0.0,,1.804,48922030.0
2025-10-30T19:56:07.559016Z,cpu,0.250712,0.257997,0.094859,0.257997,1.0,,,41.75,33.4,0.334,600.0,,0.250712,0.0,,1.804,43209580.0
2025-10-30T19:56:08.561719Z,cpu,0.264433,0.29765,0.106858,0.29765,1.0,,,38.75,31.0,0.31,600.0,,0.264433,0.0,,1.804,46554840.0
2025-10-30T19:56:09.564478Z,cpu,0.27198,0.296629,0.116164,0.296629,1.0,,,36.38,29.1,0.291,600.0,,0.27198,0.0,,1.804,49594500.0
2025-10-30T19:56:10.566638Z,cpu,0.290258,0.324186,0.124343,0.324186,1.0,,,36.25,29.0,0.29,600.0,,0.290258,0.0,,1.804,49765520.0
2025-10-30T19:56:11.568793Z,cpu,0.295583,0.301454,0.111541,0.301454,1.0,,,41.88,33.5,0.335,600.0,,0.295583,0.0,,1.804,43080600.0
2025-10-30T19:56:12.570673Z,cpu,0.295692,0.258543,0.099002,0.258543,1.0,,,47.87,38.3,0.383,600.0,,0.295692,0.0,,1.804,37681460.0
2025-10-30T19:56:13.577491Z,cpu,0.262885,0.133616,0.067188,0.133616,1.0,,,64.38,51.5,0.515,600.0,,0.295101,0.0,,1.804,28023300.0
2025-10-30T19:56:14.587351Z,cpu,0.226272,0.113563,0.060093,0.113563,1.0,,,61.75,49.4,0.494,600.0,,0.294511,0.0,,1.804,29214570.0
2025-10-30T19:56:15.592004Z,cpu,0.176738,0.076516,0.035447,0.076516,1.0,,,83.5,66.8,0.668,600.0,,0.293922,0.0,,1.804,21604790.0
2025-10-30T19:56:16.609433Z,cpu,0.129848,0.067002,0.026452,0.067002,1.0,,,82.12,65.7,0.657,600.0,,0.293334,0.0,,1.804,21966510.0
2025-10-30T19:56:17.614824Z,cpu,0.089596,0.057283,0.02325,0.057283,1.0,,,93.5,74.8,0.748,600.0,,0.292747,0.0,,1.804,19294120.0
2025-10-30T19:56:18.623347Z,cpu,0.074934,0.060307,0.020711,0.060307,1.0,,,59.12,47.3,0.473,600.0,,0.292162,0.0,,1.804,30511630.0
2025-10-30T19:56:19.627308Z,cpu,0.065333,0.065554,0.015451,0.065554,1.0,,,70.0,56.0,0.56,600.0,,0.291577,0.0,,1.804,25771430.0
2025-10-30T19:56:20.632358Z,cpu,0.063779,0.068747,0.023815,0.068747,1.0,,,42.37,33.9,0.339,600.0,,0.290994,0.0,,1.804,42572270.0
2025-10-30T19:56:21.637217Z,cpu,0.065564,0.075929,0.01738,0.075929,1.0,,,61.88,49.5,0.495,600.0,,0.290412,0.0,,1.804,29155560.0
2025-10-30T19:56:22.641996Z,cpu,0.069699,0.07796,0.0218,0.07796,1.0,,,51.62,41.3,0.413,600.0,,0.289831,0.0,,1.804,34944310.0
2025-10-30T19:56:23.645530Z,cpu,0.072286,0.073238,0.023977,0.073238,1.0,,,48.38,38.7,0.387,600.0,,0.289252,0.0,,1.804,37291990.0
2025-10-30T19:56:24.650296Z,cpu,0.071001,0.05913,0.041016,0.05913,1.0,,,25.5,20.4,0.204,600.0,,0.288673,0.0,,1.804,70745100.0
2025-10-30T19:56:25.651773Z,cpu,0.069783,0.06266,0.022118,0.06266,1.0,,,50.88,40.7,0.407,600.0,,0.288096,0.0,,1.804,35459460.0
2025-10-30T19:56:26.657507Z,cpu,0.067401,0.064017,0.031118,0.064017,1.0,,,33.25,26.6,0.266,600.0,,0.28752,0.0,,1.804,54255640.0
2025-10-30T19:56:27.660677Z,cpu,0.069857,0.09024,0.021064,0.09024,1.0,,,53.75,43.0,0.43,600.0,,0.286945,0.0,,1.804,33562790.0
2025-10-30T19:56:28.662510Z,cpu,0.072006,0.083983,0.03805,0.083983,1.0,,,28.37,22.7,0.227,600.0,,0.286371,0.0,,1.804,63577090.0
2025-10-30T19:56:29.664594Z,cpu,0.080187,0.100035,0.02666,0.100035,1.0,,,48.25,38.6,0.386,600.0,,0.285798,0.0,,1.804,37388600.0
2025-10-30T19:56:30.666070Z,cpu,0.085819,0.090821,0.0484,0.090821,1.0,,,26.25,21.0,0.21,600.0,,0.285226,0.0,,1.804,68723810.0
2025-10-30T19:56:31.667809Z,cpu,0.093785,0.103846,0.034928,0.103846,1.0,,,42.5,34.0,0.34,600.0,,0.284656,0.0,,1.804,42447060.0
2025-10-30T19:56:32.669095Z,cpu,0.097459,0.108611,0.042779,0.108611,1.0,,,35.25,28.2,0.282,600.0,,0.284087,0.0,,1.804,51177300.0
2025-10-30T19:56:33.670669Z,cpu,0.102447,0.108923,0.034221,0.108923,1.0,,,48.0,38.4,0.384,600.0,,0.283519,0.0,,1.804,37583330.0
2025-10-30T19:56:34.672861Z,cpu,0.106489,0.120242,0.041165,0.120242,1.0,,,40.75,32.6,0.326,600.0,,0.282951,0.0,,1.804,44269940.0
2025-10-30T19:56:35.675267Z,cpu,0.113634,0.126546,0.040521,0.126546,1.0,,,44.63,35.7,0.357,600.0,,0.282386,0.0,,1.804,40425770.0
2025-10-30T19:56:36.677715Z,cpu,0.117785,0.124603,0.056963,0.124603,1.0,,,31.5,25.2,0.252,600.0,,0.281821,0.0,,1.804,57269840.0
2025-10-30T19:56:37.680593Z,cpu,0.124662,0.142997,0.048719,0.142997,1.0,,,40.25,32.2,0.322,600.0,,0.281257,0.0,,1.804,44819880.0
2025-10-30T19:56:38.682157Z,cpu,0.133995,0.155585,0.058277,0.155585,1.0,,,35.62,28.5,0.285,600.0,,0.280695,0.0,,1.804,50638600.0
2025-10-30T19:56:39.684130Z,cpu,0.14384,0.169469,0.055907,0.169469,1.0,,,40.5,32.4,0.324,600.0,,0.280133,0.0,,1.804,44543210.0
2025-10-30T19:56:40.686227Z,cpu,0.156375,0.189221,0.077735,0.189221,1.0,,,30.5,24.4,0.244,600.0,,0.279573,0.0,,1.804,59147540.0
2025-10-30T19:56:41.687643Z,cpu,0.169928,0.192369,0.066409,0.192369,1.0,,,40.25,32.2,0.322,600.0,,0.279014,0.0,,1.804,44819880.0
2025-10-30T19:56:42.689491Z,cpu,0.175291,0.16981,0.093671,0.16981,1.0,,,28.0,22.4,0.224,600.0,,0.278456,0.0,,1.804,64428570.0
2025-10-30T19:56:43.691120Z,cpu,0.183067,0.194467,0.07274,0.194467,1.0,,,39.5,31.6,0.316,600.0,,0.277899,0.0,,1.804,45670890.0
2025-10-30T19:56:44.693814Z,cpu,0.187844,0.193355,0.071835,0.193355,1.0,,,41.25,33.0,0.33,600.0,,0.277343,0.0,,1.804,43733330.0
2025-10-30T19:56:45.695696Z,cpu,0.181121,0.155603,0.055315,0.155603,1.0,,,53.0,42.4,0.424,600.0,,0.276788,0.0,,1.804,34037740.0
2025-10-30T19:56:46.698856Z,cpu,0.175176,0.162647,0.068648,0.162647,1.0,,,40.12,32.1,0.321,600.0,,0.276235,0.0,,1.804,44959500.0
2025-10-30T19:56:47.704900Z,cpu,0.171749,0.152675,0.057913,0.152675,1.0,,,47.5,38.0,0.38,600.0,,0.275682,0.0,,1.804,37978950.0
2025-10-30T19:56:48.709335Z,cpu,0.163541,0.153422,0.069849,0.153422,1.0,,,36.38,29.1,0.291,600.0,,0.275131,0.0,,1.804,49594500.0
2025-10-30T19:56:49.711577Z,cpu,0.154391,0.147606,0.052809,0.147606,1.0,,,46.75,37.4,0.374,600.0,,0.274581,0.0,,1.804,38588240.0
2025-10-30T19:56:50.713149Z,cpu,0.155822,0.162761,0.059589,0.162761,1.0,,,41.25,33.0,0.33,600.0,,0.274032,0.0,,1.804,43733330.0
2025-10-30T19:56:51.718154Z,cpu,0.155799,0.162534,0.061563,0.162534,1.0,,,39.75,31.8,0.318,600.0,,0.273484,0.0,,1.804,45383650.0
2025-10-30T19:56:52.719491Z,cpu,0.164935,0.198352,0.070656,0.198352,1.0,,,36.25,29.0,0.29,600.0,,0.272937,0.0,,1.804,49765520.0
2025-10-30T19:56:53.722480Z,cpu,0.173902,0.198258,0.060945,0.198258,1.0,,,45.5,36.4,0.364,600.0,,0.272391,0.0,,1.804,39648350.0
2025-10-30T19:56:54.724830Z,cpu,0.179874,0.177467,0.082777,0.177467,1.0,,,33.38,26.7,0.267,600.0,,0.271846,0.0,,1.804,54052430.0
2025-10-30T19:56:55.729502Z,cpu,0.19078,0.21729,0.071238,0.21729,1.0,,,42.37,33.9,0.339,600.0,,0.271302,0.0,,1.804,42572270.0
2025-10-30T19:56:56.731333Z,cpu,0.198706,0.202162,0.089423,0.202162,1.0,,,34.25,27.4,0.274,600.0,,0.27076,0.0,,1.804,52671530.0
2025-10-30T19:56:57.733429Z,cpu,0.185308,0.131361,0.048314,0.131361,1.0,,,63.0,50.4,0.504,600.0,,0.270218,0.0,,1.804,28634920.0
2025-10-30T19:56:58.735219Z,cpu,0.17139,0.12867,0.077868,0.12867,1.0,,,33.88,27.1,0.271,600.0,,0.269678,0.0,,1.804,53254610.0
2025-10-30T19:56:59.738526Z,cpu,0.1621,0.131015,0.062325,0.131015,1.0,,,41.0,32.8,0.328,600.0,,0.269138,0.0,,1.804,44000000.0
2025-10-30T19:57:00.740416Z,cpu,0.144791,0.130744,0.058017,0.130744,1.0,,,39.12,31.3,0.313,600.0,,0.2686,0.0,,1.804,46108630.0
2025-10-30T19:57:01.742650Z,cpu,0.127482,0.115621,0.036583,0.115621,1.0,,,56.75,45.4,0.454,600.0,,0.268063,0.0,,1.804,31788550.0
2025-10-30T19:57:02.744694Z,cpu,0.123433,0.111113,0.060102,0.111113,1.0,,,31.25,25.0,0.25,600.0,,0.267527,0.0,,1.804,57728000.0
2025-10-30T19:57:03.748023Z,cpu,0.118526,0.104135,0.034783,0.104135,1.0,,,55.37,44.3,0.443,600.0,,0.266992,0.0,,1.804,32577880.0
2025-10-30T19:57:04.752920Z,cpu,0.111236,0.094566,0.028328,0.094566,1.0,,,64.62,51.7,0.517,600.0,,0.266458,0.0,,1.804,27914890.0
2025-10-30T19:57:05.754693Z,cpu,0.104076,0.094948,0.034442,0.094948,1.0,,,48.5,38.8,0.388,600.0,,0.265925,0.0,,1.804,37195880.0
2025-10-30T19:57:06.756170Z,cpu,0.101093,0.100705,0.034413,0.100705,1.0,,,47.0,37.6,0.376,600.0,,0.265393,0.0,,1.804,38382980.0
2025-10-30T19:57:07.762496Z,cpu,0.100857,0.109933,0.038883,0.109933,1.0,,,40.88,32.7,0.327,600.0,,0.264862,0.0,,1.804,44134560.0
2025-10-30T19:57:08.764514Z,cpu,0.103584,0.117769,0.037788,0.117769,1.0,,,43.5,34.8,0.348,600.0,,0.264332,0.0,,1.804,41471260.0
2025-10-30T19:57:09.769613Z,cpu,0.108622,0.119755,0.03835,0.119755,1.0,,,45.12,36.1,0.361,600.0,,0.263804,0.0,,1.804,39977840.0
2025-10-30T19:57:10.775403Z,cpu,0.113682,0.120251,0.045045,0.120251,1.0,,,39.62,31.7,0.317,600.0,,0.263276,0.0,,1.804,45526810.0
2025-10-30T19:57:11.778471Z,cpu,0.118948,0.127035,0.04231,0.127035,1.0,,,44.75,35.8,0.358,600.0,,0.26275,0.0,,1.804,40312850.0
2025-10-30T19:57:12.780056Z,cpu,0.12714,0.150891,0.043803,0.150891,1.0,,,46.38,37.1,0.371,600.0,,0.262224,0.0,,1.804,38900270.0
2025-10-30T19:57:13.784644Z,cpu,0.134739,0.155763,0.052086,0.155763,1.0,,,40.75,32.6,0.326,600.0,,0.2617,0.0,,1.804,44269940.0
2025-10-30T19:57:14.788256Z,cpu,0.165795,0.275035,0.067961,0.275035,1.0,,,38.12,30.5,0.305,600.0,,0.261176,0.0,,1.804,47318030.0
2025-10-30T19:57:15.790316Z,cpu,0.168707,0.134808,0.041057,0.134808,1.0,,,67.87,54.3,0.543,600.0,,0.260654,0.0,,1.804,26578270.0
2025-10-30T19:57:16.791909Z,cpu,0.168713,0.127066,0.074745,0.127066,1.0,,,34.87,27.9,0.279,600.0,,0.260133,0.0,,1.804,51727600.0
2025-10-30T19:57:17.794955Z,cpu,0.160872,0.11169,0.042804,0.11169,1.0,,,61.62,49.3,0.493,600.0,,0.259612,0.0,,1.804,29273830.0
2025-10-30T19:57:18.799323Z,cpu,0.151966,0.11123,0.048059,0.11123,1.0,,,51.0,40.8,0.408,600.0,,0.259093,0.0,,1.804,35372550.0
2025-10-30T19:57:19.800660Z,cpu,0.1192,0.111206,0.042189,0.111206,1.0,,,45.0,36.0,0.36,600.0,,0.258575,0.0,,1.804,40088890.0
2025-10-30T19:57:20.801954Z,cpu,0.114966,0.113637,0.041515,0.113637,1.0,,,44.0,35.2,0.352,600.0,,0.258058,0.0,,1.804,41000000.0
2025-10-30T19:57:21.803708Z,cpu,0.112337,0.113921,0.038986,0.113921,1.0,,,46.0,36.8,0.368,600.0,,0.257542,0.0,,1.804,39217390.0
2025-10-30T19:57:22.805895Z,cpu,0.111816,0.109085,0.046776,0.109085,1.0,,,37.25,29.8,0.298,600.0,,0.257027,0.0,,1.804,48429530.0
2025-10-30T19:57:23.808532Z,cpu,0.111743,0.110867,0.03878,0.110867,1.0,,,46.0,36.8,0.368,600.0,,0.256512,0.0,,1.804,39217390.0
2025-10-30T19:57:24.810283Z,cpu,0.111608,0.110529,0.046147,0.110529,1.0,,,37.75,30.2,0.302,600.0,,0.255999,0.0,,1.804,47788080.0
2025-10-30T19:57:25.812328Z,cpu,0.117744,0.144315,0.045764,0.144315,1.0,,,40.5,32.4,0.324,600.0,,0.255487,0.0,,1.804,44543210.0
2025-10-30T19:57:26.814602Z,cpu,0.119617,0.123287,0.067999,0.123287,1.0,,,26.0,20.8,0.208,600.0,,0.254976,0.0,,1.804,69384620.0
2025-10-30T19:57:27.816493Z,cpu,0.128063,0.151319,0.059705,0.151319,1.0,,,32.88,26.3,0.263,600.0,,0.254467,0.0,,1.804,54874520.0
2025-10-30T19:57:28.818359Z,cpu,0.139016,0.165629,0.062561,0.165629,1.0,,,34.25,27.4,0.274,600.0,,0.253958,0.0,,1.804,52671530.0
2025-10-30T19:57:29.823368Z,cpu,0.14155,0.123201,0.038452,0.123201,1.0,,,60.25,48.2,0.482,600.0,,0.25345,0.0,,1.804,29941910.0
2025-10-30T19:57:30.828768Z,cpu,0.137387,0.123501,0.057984,0.123501,1.0,,,36.88,29.5,0.295,600.0,,0.252943,0.0,,1.804,48922030.0
2025-10-30T19:57:31.834386Z,cpu,0.135265,0.112674,0.040024,0.112674,1.0,,,54.88,43.9,0.439,600.0,,0.252437,0.0,,1.804,32874720.0
2025-10-30T19:57:32.836859Z,cpu,0.127671,0.11335,0.048955,0.11335,1.0,,,41.12,32.9,0.329,600.0,,0.251932,0.0,,1.804,43866260.0
2025-10-30T19:57:33.840749Z,cpu,0.111155,0.083048,0.025161,0.083048,1.0,,,73.38,58.7,0.587,600.0,,0.251428,0.0,,1.804,24586030.0
2025-10-30T19:57:34.846308Z,cpu,0.103239,0.083623,0.034404,0.083623,1.0,,,48.12,38.5,0.385,600.0,,0.250925,0.0,,1.804,37485710.0
2025-10-30T19:57:35.850760Z,cpu,0.095333,0.083973,0.032222,0.083973,1.0,,,47.38,37.9,0.379,600.0,,0.250423,0.0,,1.804,38079160.0
2025-10-30T19:57:36.852203Z,cpu,0.091073,0.09137,0.038666,0.09137,1.0,,,36.62,29.3,0.293,600.0,,0.249923,0.0,,1.804,49255970.0
2025-10-30T19:57:37.854018Z,cpu,0.087881,0.097393,0.030798,0.097393,1.0,,,45.5,36.4,0.364,600.0,,0.249423,0.0,,1.804,39648350.0
2025-10-30T19:57:38.858449Z,cpu,0.091703,0.102159,0.035643,0.102159,1.0,,,40.5,32.4,0.324,600.0,,0.248924,0.0,,1.804,44543210.0
2025-10-30T19:57:39.859656Z,cpu,0.096076,0.105488,0.03927,0.105488,1.0,,,38.25,30.6,0.306,600.0,,0.248426,0.0,,1.804,47163400.0
2025-10-30T19:57:40.861619Z,cpu,0.099439,0.100785,0.047766,0.100785,1.0,,,31.75,25.4,0.254,600.0,,0.247929,0.0,,1.804,56818900.0
2025-10-30T19:57:41.863707Z,cpu,0.101169,0.100022,0.046408,0.100022,1.0,,,33.5,26.8,0.268,600.0,,0.247433,0.0,,1.804,53850750.0
2025-10-30T19:57:42.865565Z,cpu,0.10023,0.092694,0.054169,0.092694,1.0,,,27.62,22.1,0.221,600.0,,0.246938,0.0,,1.804,65303170.0
2025-10-30T19:57:43.867150Z,cpu,0.11123,0.157159,0.051857,0.157159,1.0,,,32.88,26.3,0.263,600.0,,0.246445,0.0,,1.804,54874520.0
2025-10-30T19:57:44.869502Z,cpu,0.11828,0.140738,0.035816,0.140738,1.0,,,53.5,42.8,0.428,600.0,,0.245952,0.0,,1.804,33719630.0
2025-10-30T19:57:45.874670Z,cpu,0.128176,0.150267,0.053463,0.150267,1.0,,,37.38,29.9,0.299,600.0,,0.24546,0.0,,1.804,48267560.0
2025-10-30T19:57:46.876526Z,cpu,0.134578,0.132031,0.082067,0.132031,1.0,,,23.88,19.1,0.191,600.0,,0.244969,0.0,,1.804,75560210.0
2025-10-30T19:57:47.878574Z,cpu,0.14414,0.140504,0.062121,0.140504,1.0,,,36.0,28.8,0.288,600.0,,0.244479,0.0,,1.804,50111110.0
2025-10-30T19:57:48.881572Z,cpu,0.126518,0.06905,0.026229,0.06905,1.0,,,85.25,68.2,0.682,600.0,,0.24399,0.0,,1.804,21161290.0
2025-10-30T19:57:49.886526Z,cpu,0.111354,0.064917,0.029739,0.064917,1.0,,,61.38,49.1,0.491,600.0,,0.243502,0.0,,1.804,29393080.0
2025-10-30T19:57:50.889417Z,cpu,0.094448,0.065739,0.030409,0.065739,1.0,,,50.0,40.0,0.4,600.0,,0.243015,0.0,,1.804,36080000.0
2025-10-30T19:57:51.892556Z,cpu,0.081001,0.064793,0.021714,0.064793,1.0,,,61.12,48.9,0.489,600.0,,0.242529,0.0,,1.804,29513290.0
2025-10-30T19:57:52.897381Z,cpu,0.066694,0.068972,0.02086,0.068972,1.0,,,51.62,41.3,0.413,600.0,,0.242044,0.0,,1.804,34944310.0
2025-10-30T19:57:53.899647Z,cpu,0.067174,0.071451,0.025827,0.071451,1.0,,,41.0,32.8,0.328,600.0,,0.24156,0.0,,1.804,44000000.0
2025-10-30T19:57:54.901910Z,cpu,0.06819,0.069994,0.028277,0.069994,1.0,,,37.62,30.1,0.301,600.0,,0.241077,0.0,,1.804,47946840.0
2025-10-30T19:57:55.903588Z,cpu,0.06906,0.070091,0.028555,0.070091,1.0,,,37.75,30.2,0.302,600.0,,0.240595,0.0,,1.804,47788080.0
2025-10-30T19:57:56.905629Z,cpu,0.071567,0.077326,0.029252,0.077326,1.0,,,38.25,30.6,0.306,600.0,,0.240113,0.0,,1.804,47163400.0
2025-10-30T19:57:57.907428Z,cpu,0.073025,0.076262,0.033283,0.076262,1.0,,,33.75,27.0,0.27,600.0,,0.239633,0.0,,1.804,53451850.0
2025-10-30T19:57:58.909617Z,cpu,0.077247,0.092562,0.017825,0.092562,1.0,,,71.88,57.5,0.575,600.0,,0.239154,0.0,,1.804,25099130.0
2025-10-30T19:57:59.911561Z,cpu,0.081687,0.092195,0.021654,0.092195,1.0,,,61.88,49.5,0.495,600.0,,0.238676,0.0,,1.804,29155560.0
2025-10-30T19:58:00.914325Z,cpu,0.084266,0.082984,0.020129,0.082984,1.0,,,69.25,55.4,0.554,600.0,,0.238198,0.0,,1.804,26050540.0
2025-10-30T19:58:01.916137Z,cpu,0.08522,0.082097,0.037292,0.082097,1.0,,,35.38,28.3,0.283,600.0,,0.237722,0.0,,1.804,50996470.0
2025-10-30T19:58:02.917785Z,cpu,0.085671,0.07852,0.040877,0.07852,1.0,,,32.0,25.6,0.256,600.0,,0.237246,0.0,,1.804,56375000.0
2025-10-30T19:58:03.919913Z,cpu,0.081757,0.072987,0.04723,0.072987,1.0,,,25.5,20.4,0.204,600.0,,0.236772,0.0,,1.804,70745100.0
2025-10-30T19:58:04.921513Z,cpu,0.077412,0.070471,0.040756,0.070471,1.0,,,28.5,22.8,0.228,600.0,,0.236298,0.0,,1.804,63298250.0
2025-10-30T19:58:05.922966Z,cpu,0.074988,0.070865,0.028148,0.070865,1.0,,,42.12,33.7,0.337,600.0,,0.235826,0.0,,1.804,42824930.0
2025-10-30T19:58:06.924717Z,cpu,0.072653,0.070421,0.022047,0.070421,1.0,,,53.38,42.7,0.427,600.0,,0.235354,0.0,,1.804,33798590.0
2025-10-30T19:58:07.927141Z,cpu,0.070289,0.066699,0.016651,0.066699,1.0,,,69.87,55.9,0.559,600.0,,0.234883,0.0,,1.804,25817530.0
2025-10-30T19:58:08.929683Z,cpu,0.070348,0.073281,0.026902,0.073281,1.0,,,41.25,33.0,0.33,600.0,,0.234414,0.0,,1.804,43733330.0
2025-10-30T19:58:09.933020Z,cpu,0.07175,0.077485,0.025714,0.077485,1.0,,,44.38,35.5,0.355,600.0,,0.233945,0.0,,1.804,40653520.0
2025-10-30T19:58:10.934621Z,cpu,0.075856,0.091397,0.033093,0.091397,1.0,,,35.5,28.4,0.284,600.0,,0.233477,0.0,,1.804,50816900.0
2025-10-30T19:58:11.936629Z,cpu,0.080185,0.092066,0.028737,0.092066,1.0,,,44.38,35.5,0.355,600.0,,0.23301,0.0,,1.804,40653520.0
2025-10-30T19:58:12.942549Z,cpu,0.08429,0.087222,0.022681,0.087222,1.0,,,60.88,48.7,0.487,600.0,,0.232544,0.0,,1.804,29634500.0
2025-10-30T19:58:13.948607Z,cpu,0.080328,0.05347,0.041342,0.05347,1.0,,,109.75,87.8,0.878,600.0,,0.232079,0.0,,1.804,16437360.0
2025-10-30T19:58:14.957371Z,cpu,0.076137,0.05653,0.018624,0.05653,1.0,,,67.5,54.0,0.54,600.0,,0.231615,0.0,,1.804,26725930.0
2025-10-30T19:58:15.962028Z,cpu,0.06926,0.057013,0.024514,0.057013,1.0,,,45.0,36.0,0.36,600.0,,0.231151,0.0,,1.804,40088890.0
2025-10-30T19:58:16.964574Z,cpu,0.062158,0.056554,0.02091,0.056554,1.0,,,47.62,38.1,0.381,600.0,,0.230689,0.0,,1.804,37879270.0
2025-10-30T19:58:17.971954Z,cpu,0.056271,0.05779,0.016896,0.05779,1.0,,,54.0,43.2,0.432,600.0,,0.230228,0.0,,1.804,33407410.0
2025-10-30T19:58:18.973613Z,cpu,0.057049,0.057357,0.022923,0.057357,1.0,,,39.0,31.2,0.312,600.0,,0.229767,0.0,,1.804,46256410.0
2025-10-30T19:58:19.975656Z,cpu,0.057082,0.056695,0.022369,0.056695,1.0,,,40.12,32.1,0.321,600.0,,0.229308,0.0,,1.804,44959500.0
2025-10-30T19:58:20.977869Z,cpu,0.05707,0.056953,0.02423,0.056953,1.0,,,36.62,29.3,0.293,600.0,,0.228849,0.0,,1.804,49255970.0
2025-10-30T19:58:21.979852Z,cpu,0.056894,0.055673,0.024155,0.055673,1.0,,,36.62,29.3,0.293,600.0,,0.228391,0.0,,1.804,49255970.0
2025-10-30T19:58:22.981765Z,cpu,0.056528,0.055963,0.016453,0.055963,1.0,,,55.88,44.7,0.447,600.0,,0.227935,0.0,,1.804,32286350.0
2025-10-30T19:58:23.984499Z,cpu,0.06546,0.102015,0.016349,0.102015,1.0,,,66.0,52.8,0.528,600.0,,0.227479,0.0,,1.804,27333330.0
2025-10-30T19:58:24.988929Z,cpu,0.068511,0.071949,0.016577,0.071949,1.0,,,91.13,72.9,0.729,600.0,,0.227024,0.0,,1.804,19796980.0
2025-10-30T19:58:25.994571Z,cpu,0.069593,0.062364,0.014254,0.062364,1.0,,,84.75,67.8,0.678,600.0,,0.22657,0.0,,1.804,21286140.0
2025-10-30T19:58:26.998565Z,cpu,0.069348,0.054448,0.017792,0.054448,1.0,,,93.12,74.5,0.745,600.0,,0.226117,0.0,,1.804,19371810.0
2025-10-30T19:58:28.004516Z,cpu,0.067794,0.048193,0.021944,0.048193,1.0,,,100.0,80.0,0.8,600.0,,0.225664,0.0,,1.804,18040000.0
2025-10-30T19:58:29.009944Z,cpu,0.057582,0.050954,0.012952,0.050954,1.0,,,73.88,59.1,0.591,600.0,,0.225213,0.0,,1.804,24419630.0
2025-10-30T19:58:30.015281Z,cpu,0.053184,0.049963,0.022784,0.049963,1.0,,,36.25,29.0,0.29,600.0,,0.224763,0.0,,1.804,49765520.0
2025-10-30T19:58:31.016698Z,cpu,0.050619,0.049537,0.022356,0.049537,1.0,,,35.0,28.0,0.28,600.0,,0.224313,0.0,,1.804,51542860.0
2025-10-30T19:58:32.021681Z,cpu,0.050241,0.052557,0.016067,0.052557,1.0,,,50.37,40.3,0.403,600.0,,0.223865,0.0,,1.804,35811410.0
2025-10-30T19:58:33.025629Z,cpu,0.051129,0.052634,0.014731,0.052634,1.0,,,56.5,45.2,0.452,600.0,,0.223417,0.0,,1.804,31929200.0
2025-10-30T19:58:34.027673Z,cpu,0.050603,0.048325,0.022009,0.048325,1.0,,,35.62,28.5,0.285,600.0,,0.22297,0.0,,1.804,50638600.0
2025-10-30T19:58:35.029632Z,cpu,0.050723,0.050561,0.016631,0.050561,1.0,,,49.0,39.2,0.392,600.0,,0.222524,0.0,,1.804,36816330.0
2025-10-30T19:58:36.035603Z,cpu,0.051497,0.05341,0.014748,0.05341,1.0,,,56.88,45.5,0.455,600.0,,0.222079,0.0,,1.804,31718680.0
2025-10-30T19:58:37.040015Z,cpu,0.053301,0.061575,0.017888,0.061575,1.0,,,47.75,38.2,0.382,600.0,,0.221635,0.0,,1.804,37780100.0
2025-10-30T19:58:38.041826Z,cpu,0.06226,0.097431,0.023938,0.097431,1.0,,,41.0,32.8,0.328,600.0,,0.221192,0.0,,1.804,44000000.0
2025-10-30T19:58:39.043144Z,cpu,0.078846,0.131252,0.033878,0.131252,1.0,,,36.12,28.9,0.289,600.0,,0.220749,0.0,,1.804,49937720.0
2025-10-30T19:58:40.045257Z,cpu,0.094119,0.126925,0.043313,0.126925,1.0,,,33.38,26.7,0.267,600.0,,0.220308,0.0,,1.804,54052430.0
2025-10-30T19:58:41.047521Z,cpu,0.109913,0.132384,0.043311,0.132384,1.0,,,39.88,31.9,0.319,600.0,,0.219867,0.0,,1.804,45241380.0
2025-10-30T19:58:42.052313Z,cpu,0.121289,0.118453,0.033074,0.118453,1.0,,,60.0,48.0,0.48,600.0,,0.219427,0.0,,1.804,30066670.0
2025-10-30T19:58:43.057463Z,cpu,0.121202,0.096995,0.028428,0.096995,1.0,,,70.62,56.5,0.565,600.0,,0.218988,0.0,,1.804,25543360.0
2025-10-30T19:58:44.063969Z,cpu,0.112931,0.089899,0.027022,0.089899,1.0,,,69.12,55.3,0.553,600.0,,0.21855,0.0,,1.804,26097650.0
2025-10-30T19:58:45.069824Z,cpu,0.105237,0.088456,0.039296,0.088456,1.0,,,42.37,33.9,0.339,600.0,,0.218113,0.0,,1.804,42572270.0
2025-10-30T19:58:46.071796Z,cpu,0.096609,0.089242,0.035154,0.089242,1.0,,,43.62,34.9,0.349,600.0,,0.217677,0.0,,1.804,41352440.0
2025-10-30T19:58:47.073674Z,cpu,0.090328,0.087047,0.036815,0.087047,1.0,,,38.38,30.7,0.307,600.0,,0.217242,0.0,,1.804,47009770.0
2025-10-30T19:58:48.075141Z,cpu,0.088442,0.087567,0.032598,0.087567,1.0,,,43.0,34.4,0.344,600.0,,0.216807,0.0,,1.804,41953490.0
2025-10-30T19:58:49.078515Z,cpu,0.084761,0.071494,0.016976,0.071494,1.0,,,83.62,66.9,0.669,600.0,,0.216374,0.0,,1.804,21572500.0
2025-10-30T19:58:50.083635Z,cpu,0.082309,0.076193,0.02146,0.076193,1.0,,,63.0,50.4,0.504,600.0,,0.215941,0.0,,1.804,28634920.0
2025-10-30T19:58:51.085425Z,cpu,0.080441,0.079906,0.025783,0.079906,1.0,,,50.25,40.2,0.402,600.0,,0.215509,0.0,,1.804,35900500.0
2025-10-30T19:58:52.089021Z,cpu,0.078582,0.077752,0.028667,0.077752,1.0,,,43.5,34.8,0.348,600.0,,0.215078,0.0,,1.804,41471260.0
2025-10-30T19:58:53.091409Z,cpu,0.076295,0.076131,0.036042,0.076131,1.0,,,32.38,25.9,0.259,600.0,,0.214648,0.0,,1.804,55722010.0
2025-10-30T19:58:54.092886Z,cpu,0.078471,0.082373,0.02449,0.082373,1.0,,,51.75,41.4,0.414,600.0,,0.214219,0.0,,1.804,34859900.0
2025-10-30T19:58:55.094721Z,cpu,0.079913,0.083401,0.025671,0.083401,1.0,,,50.12,40.1,0.401,600.0,,0.21379,0.0,,1.804,35990020.0
2025-10-30T19:58:56.099512Z,cpu,0.080519,0.082938,0.030304,0.082938,1.0,,,42.0,33.6,0.336,600.0,,0.213363,0.0,,1.804,42952380.0
2025-10-30T19:58:57.101565Z,cpu,0.079773,0.074023,0.049066,0.074023,1.0,,,23.62,18.9,0.189,600.0,,0.212936,0.0,,1.804,76359790.0
2025-10-30T19:58:58.103101Z,cpu,0.078494,0.069733,0.041022,0.069733,1.0,,,28.75,23.0,0.23,600.0,,0.21251,0.0,,1.804,62747830.0
2025-10-30T19:58:59.105137Z,cpu,0.081915,0.099482,0.03158,0.099482,1.0,,,40.88,32.7,0.327,600.0,,0.212085,0.0,,1.804,44134560.0
2025-10-30T19:59:00.109101Z,cpu,0.088162,0.114636,0.027575,0.114636,1.0,,,51.62,41.3,0.413,600.0,,0.211661,0.0,,1.804,34944310.0
2025-10-30T19:59:01.111409Z,cpu,0.090176,0.093005,0.022172,0.093005,1.0,,,67.12,53.7,0.537,600.0,,0.211237,0.0,,1.804,26875230.0
2025-10-30T19:59:02.113031Z,cpu,0.091969,0.082991,0.02338,0.082991,1.0,,,64.75,51.8,0.518,600.0,,0.210815,0.0,,1.804,27861000.0
2025-10-30T19:59:03.117473Z,cpu,0.091823,0.069001,0.018733,0.069001,1.0,,,82.0,65.6,0.656,600.0,,0.210393,0.0,,1.804,22000000.0
2025-10-30T19:59:04.129660Z,cpu,0.084511,0.062921,0.018428,0.062921,1.0,,,76.38,61.1,0.611,600.0,,0.209973,0.0,,1.804,23620290.0
2025-10-30T19:59:05.134301Z,cpu,0.074098,0.062572,0.020091,0.062572,1.0,,,60.38,48.3,0.483,600.0,,0.209553,0.0,,1.804,29879920.0
2025-10-30T19:59:06.136091Z,cpu,0.067301,0.059018,0.035044,0.059018,1.0,,,28.88,23.1,0.231,600.0,,0.209134,0.0,,1.804,62476190.0
2025-10-30T19:59:07.138047Z,cpu,0.063873,0.065854,0.022495,0.065854,1.0,,,45.25,36.2,0.362,600.0,,0.208715,0.0,,1.804,39867400.0
2025-10-30T19:59:08.139458Z,cpu,0.062633,0.062799,0.039548,0.062799,1.0,,,22.88,18.3,0.183,600.0,,0.208298,0.0,,1.804,78863390.0
2025-10-30T19:59:09.141127Z,cpu,0.061733,0.058421,0.034816,0.058421,1.0,,,26.25,21.0,0.21,600.0,,0.207881,0.0,,1.804,68723810.0
2025-10-30T19:59:10.143111Z,cpu,0.060155,0.054683,0.033528,0.054683,1.0,,,26.62,21.3,0.213,600.0,,0.207465,0.0,,1.804,67755870.0
2025-10-30T19:59:11.144665Z,cpu,0.059526,0.05587,0.025197,0.05587,1.0,,,36.75,29.4,0.294,600.0,,0.207051,0.0,,1.804,49088440.0
2025-10-30T19:59:12.146064Z,cpu,0.057676,0.056606,0.029815,0.056606,1.0,,,29.12,23.3,0.233,600.0,,0.206636,0.0,,1.804,61939910.0
2025-10-30T19:59:13.147442Z,cpu,0.059232,0.070579,0.026997,0.070579,1.0,,,33.75,27.0,0.27,600.0,,0.206223,0.0,,1.804,53451850.0
2025-10-30T19:59:14.149687Z,cpu,0.06822,0.103362,0.025541,0.103362,1.0,,,42.25,33.8,0.338,600.0,,0.205811,0.0,,1.804,42698220.0
2025-10-30T19:59:15.151727Z,cpu,0.087646,0.151813,0.036991,0.151813,1.0,,,36.88,29.5,0.295,600.0,,0.205399,0.0,,1.804,48922030.0
2025-10-30T19:59:16.153313Z,cpu,0.107166,0.153469,0.046467,0.153469,1.0,,,35.75,28.6,0.286,600.0,,0.204988,0.0,,1.804,50461540.0
2025-10-30T19:59:17.155410Z,cpu,0.127569,0.158621,0.046419,0.158621,1.0,,,43.62,34.9,0.349,600.0,,0.204578,0.0,,1.804,41352440.0
2025-10-30T19:59:18.157453Z,cpu,0.147219,0.168832,0.083028,0.168832,1.0,,,26.25,21.0,0.21,600.0,,0.204169,0.0,,1.804,68723810.0
2025-10-30T19:59:19.159605Z,cpu,0.1611,0.172768,0.086738,0.172768,1.0,,,27.75,22.2,0.222,600.0,,0.203761,0.0,,1.804,65009010.0
2025-10-30T19:59:20.161570Z,cpu,0.165435,0.173487,0.091491,0.173487,1.0,,,26.88,21.5,0.215,600.0,,0.203353,0.0,,1.804,67125580.0
2025-10-30T19:59:21.163259Z,cpu,0.169399,0.173289,0.084801,0.173289,1.0,,,30.25,24.2,0.242,600.0,,0.202947,0.0,,1.804,59636360.0
2025-10-30T19:59:22.168196Z,cpu,0.150573,0.064488,0.036176,0.064488,1.0,,,90.88,72.7,0.727,600.0,,0.202541,0.0,,1.804,19851440.0
2025-10-30T19:59:23.171524Z,cpu,0.128895,0.060443,0.033061,0.060443,1.0,,,64.12,51.3,0.513,600.0,,0.202136,0.0,,1.804,28132550.0
2025-10-30T19:59:24.303423Z,cpu,0.104884,0.052711,0.021898,0.052711,1.0,,,80.0,64.0,0.64,600.0,,0.201731,0.0,,1.804,22550000.0
2025-10-30T19:59:25.797652Z,cpu,0.078593,0.042033,0.033801,0.042033,1.0,,,106.5,85.2,0.852,600.0,,0.201328,0.0,,1.804,16938970.0
2025-10-30T19:59:26.803364Z,cpu,0.051898,0.039813,0.013365,0.039813,1.0,,,93.25,74.6,0.746,600.0,,0.200925,0.0,,1.804,19345840.0
2025-10-30T19:59:27.805974Z,cpu,0.047,0.039998,0.016076,0.039998,1.0,,,46.75,37.4,0.374,600.0,,0.200523,0.0,,1.804,38588240.0
2025-10-30T19:59:28.810349Z,cpu,0.043194,0.041416,0.009693,0.041416,1.0,,,88.38,70.7,0.707,600.0,,0.200122,0.0,,1.804,20413010.0
2025-10-30T19:59:29.816616Z,cpu,0.041799,0.045735,0.010569,0.045735,1.0,,,65.12,52.1,0.521,600.0,,0.199722,0.0,,1.804,27700580.0
2025-10-30T19:59:30.818407Z,cpu,0.043512,0.050597,0.015064,0.050597,1.0,,,46.12,36.9,0.369,600.0,,0.199323,0.0,,1.804,39111110.0
2025-10-30T19:59:31.819775Z,cpu,0.045516,0.049835,0.024232,0.049835,1.0,,,28.12,22.5,0.225,600.0,,0.198924,0.0,,1.804,64142220.0
2025-10-30T19:59:32.821784Z,cpu,0.046862,0.046726,0.022818,0.046726,1.0,,,31.25,25.0,0.25,600.0,,0.198526,0.0,,1.804,57728000.0
2025-10-30T19:59:33.823483Z,cpu,0.047168,0.042947,0.025396,0.042947,1.0,,,27.75,22.2,0.222,600.0,,0.198129,0.0,,1.804,65009010.0
2025-10-30T19:59:34.824830Z,cpu,0.046319,0.04149,0.025918,0.04149,1.0,,,26.5,21.2,0.212,600.0,,0.197733,0.0,,1.804,68075470.0
2025-10-30T19:59:35.826412Z,cpu,0.046036,0.04918,0.022726,0.04918,1.0,,,30.75,24.6,0.246,600.0,,0.197337,0.0,,1.804,58666670.0
2025-10-30T19:59:36.828468Z,cpu,0.048087,0.06009,0.025989,0.06009,1.0,,,27.62,22.1,0.221,600.0,,0.196943,0.0,,1.804,65303170.0
2025-10-30T19:59:37.830250Z,cpu,0.050492,0.05875,0.028818,0.05875,1.0,,,25.88,20.7,0.207,600.0,,0.196549,0.0,,1.804,69719810.0
2025-10-30T19:59:38.832864Z,cpu,0.06114,0.096187,0.02588,0.096187,1.0,,,36.75,29.4,0.294,600.0,,0.196156,0.0,,1.804,49088440.0
2025-10-30T19:59:39.837427Z,cpu,0.082818,0.149883,0.029532,0.149883,1.0,,,44.63,35.7,0.357,600.0,,0.195763,0.0,,1.804,40425770.0
2025-10-30T19:59:40.838841Z,cpu,0.099545,0.132812,0.031342,0.132812,1.0,,,51.25,41.0,0.41,600.0,,0.195372,0.0,,1.804,35200000.0
2025-10-30T19:59:41.840891Z,cpu,0.11352,0.12997,0.065846,0.12997,1.0,,,25.38,20.3,0.203,600.0,,0.194981,0.0,,1.804,71093600.0
2025-10-30T19:59:42.843194Z,cpu,0.127636,0.129326,0.054514,0.129326,1.0,,,36.38,29.1,0.291,600.0,,0.194591,0.0,,1.804,49594500.0
2025-10-30T19:59:43.844935Z,cpu,0.134723,0.131623,0.057369,0.131623,1.0,,,36.5,29.2,0.292,600.0,,0.194202,0.0,,1.804,49424660.0
2025-10-30T19:59:44.846294Z,cpu,0.131103,0.131783,0.073071,0.131783,1.0,,,26.62,21.3,0.213,600.0,,0.193814,0.0,,1.804,67755870.0
2025-10-30T19:59:45.848377Z,cpu,0.130749,0.131041,0.066622,0.131041,1.0,,,29.62,23.7,0.237,600.0,,0.193426,0.0,,1.804,60894510.0
2025-10-30T19:59:46.850989Z,cpu,0.131698,0.134719,0.061601,0.134719,1.0,,,32.75,26.2,0.262,600.0,,0.193039,0.0,,1.804,55083970.0
2025-10-30T19:59:47.854183Z,cpu,0.133352,0.137592,0.048898,0.137592,1.0,,,43.25,34.6,0.346,600.0,,0.192653,0.0,,1.804,41710980.0
2025-10-30T19:59:48.855533Z,cpu,0.133645,0.13309,0.069591,0.13309,1.0,,,28.88,23.1,0.231,600.0,,0.192268,0.0,,1.804,62476190.0
2025-10-30T19:59:49.857018Z,cpu,0.134206,0.134587,0.077844,0.134587,1.0,,,25.38,20.3,0.203,600.0,,0.191883,0.0,,1.804,71093600.0
2025-10-30T19:59:50.858344Z,cpu,0.14505,0.185259,0.066323,0.185259,1.0,,,33.62,26.9,0.269,600.0,,0.191499,0.0,,1.804,53650560.0
2025-10-30T19:59:51.860839Z,cpu,0.15735,0.19622,0.069067,0.19622,1.0,,,35.25,28.2,0.282,600.0,,0.191116,0.0,,1.804,51177300.0
2025-10-30T19:59:52.862627Z,cpu,0.168915,0.195416,0.089927,0.195416,1.0,,,28.12,22.5,0.225,600.0,,0.190734,0.0,,1.804,64142220.0
2025-10-30T19:59:53.864309Z,cpu,0.177723,0.177132,0.067243,0.177132,1.0,,,41.75,33.4,0.334,600.0,,0.190353,0.0,,1.804,43209580.0
2025-10-30T19:59:54.867853Z,cpu,0.178813,0.140037,0.056424,0.140037,1.0,,,51.12,40.9,0.409,600.0,,0.189972,0.0,,1.804,35286060.0
2025-10-30T19:59:55.871321Z,cpu,0.170231,0.142349,0.068596,0.142349,1.0,,,38.88,31.1,0.311,600.0,,0.189592,0.0,,1.804,46405140.0
2025-10-30T19:59:56.876424Z,cpu,0.159061,0.14037,0.059865,0.14037,1.0,,,42.0,33.6,0.336,600.0,,0.189213,0.0,,1.804,42952380.0
2025-10-30T19:59:57.877764Z,cpu,0.146041,0.130317,0.047665,0.130317,1.0,,,49.25,39.4,0.394,600.0,,0.188834,0.0,,1.804,36629440.0
2025-10-30T19:59:58.879874Z,cpu,0.137074,0.132294,0.047225,0.132294,1.0,,,46.38,37.1,0.371,600.0,,0.188457,0.0,,1.804,38900270.0
2025-10-30T19:59:59.881537Z,cpu,0.139434,0.151838,0.048155,0.151838,1.0,,,46.25,37.0,0.37,600.0,,0.18808,0.0,,1.804,39005410.0
