# Wild Life Extreme data manually extracted from screenshots
# Based on user descriptions:
# - Screenshot_20251027_161347: Temp from 0-1000s, 33°C to 44°C
# - Screenshot_20251027_161342: FPS from 0-1000s, 35-120 FPS
# - Screenshot_20251027_161351: Battery from 0-1000s, 71% to 59%

timestamp,device,rle_smoothed,rle_raw,rle_norm,E_th,E_pw,temp_c,vram_temp_c,power_w,util_pct,a_load,t_sustain_s,fan_pct,rolling_peak,collapse,alerts,cpu_freq_ghz,cycles_per_joule
2025-10-27T15:40:00Z,mobile,0.420,0.425,0.105,0.65,0.70,33.0,,8.5,75.0,1.10,1200.0,,0.425,0,|POWER_LIMIT,2.80,329000000

