timestamp,device,rle_smoothed,rle_raw,E_th,E_pw,temp_c,power_w,util_pct,a_load,t_sustain_s,rolling_peak,collapse,alerts,cpu_freq_mhz,cpu_cores_active,cpu_temp_max,gpu_memory_used_gb,gpu_memory_total_gb,gpu_fan_pct,gpu_clock_mhz,memory_used_gb,memory_total_gb,memory_util_pct,disk_used_gb,disk_total_gb,disk_util_pct,network_sent_mb,network_recv_mb,cpu_temp_hwinfo,cpu_fan_rpm,cpu_voltage,motherboard_temp,psu_voltage_12v,psu_voltage_5v,psu_voltage_3v,gpu_temp_hwinfo,gpu_memory_temp,gpu_fan_rpm,gpu_voltage,case_fan_rpm,workload_state
2025-10-29T01:08:22.900119,cpu,0.0,0.0,0.0,0.0,50.0,125.0,7.3,0.8,0.0,0.0,0.0,,2496.0,0,,,,,,,,,,,,,,,,,,,,,,,,,,idle
2025-10-29T01:08:22.900119,gpu,0.0,0.0,0.0,0.0,55,23.369,29,0.8,0.0,0.0,0.0,,,,,2.9013633728027344,8.0,0,435,,,,,,,,,,,,,,,,,,,,,idle
2025-10-29T01:08:23.801866,cpu,0.04352121464226289,0.04352121464226289,0.37437603993344426,0.11625,50.0,125.0,9.3,0.8,600.0,0.04352121464226289,0,,2496.0,0,,,,,,,,,,,,,,,,,,,,,,,,,,idle
2025-10-29T01:08:23.801866,gpu,0.12629553154381248,0.12629553154381248,0.33678808411683336,0.37499999999999994,55,23.494,30,0.8,600.0,0.12629553154381248,0,,,,,2.9048423767089844,8.0,0,600,,,,,,,,,,,,,,,,,,,,,idle
2025-10-29T01:08:24.801724,cpu,0.08985024958402663,0.08985024958402663,0.37437603993344426,0.24,50.0,125.0,19.2,0.8,600.0,0.08985024958402663,0,,2496.0,3,,,,,,,,,,,,,,,,,,,,,,,,,,idle
2025-10-29T01:08:24.801724,gpu,0.10945612733797083,0.10945612733797083,0.33678808411683336,0.325,55,23.505,26,0.8,600.0,0.10945612733797083,0,,,,,2.9083824157714844,8.0,0,600,,,,,,,,,,,,,,,,,,,,,idle
2025-10-29T01:08:25.802440,cpu,0.0804908485856905,0.0804908485856905,0.37437603993344426,0.21499999999999997,50.0,125.0,17.2,0.8,600.0,0.0804908485856905,0,,2496.0,3,,,,,,,,,,,,,,,,,,,,,,,,,,idle
2025-10-29T01:08:25.802440,gpu,0.12208568049235208,0.12208568049235208,0.33678808411683336,0.36249999999999993,55,23.876,29,0.8,600.0,0.12208568049235208,0,,,,,2.8792381286621094,8.0,0,555,,,,,,,,,,,,,,,,,,,,,idle
2025-10-29T01:08:26.818583,cpu,0.06607737104825291,0.08236272878535773,0.37437603993344426,0.22,50.0,125.0,17.6,0.8,600.0,0.08967054908485857,0,,2496.0,6,,,,,,,,,,,,,,,,,,,,,,,,,,idle
2025-10-29T01:08:26.818583,gpu,0.11871779965118374,0.11366597838943125,0.33678808411683336,0.3375,55,24.471,27,0.8,600.0,0.12604294048072487,0,,,,,2.8559837341308594,8.0,0,555,,,,,,,,,,,,,,,,,,,,,idle
2025-10-29T01:08:27.804639,cpu,0.08114600665557403,0.10950499168053242,0.37437603993344426,0.2925,50.0,125.0,23.4,0.8,600.0,0.10928598169717135,0,,2496.0,7,,,,,,,,,,,,,,,,,,,,,,,,,,idle
2025-10-29T01:08:27.804639,gpu,0.11665772817483819,0.11178532311062431,0.3193866374589266,0.35000000000000003,56,26.851,28,0.8,54.0,0.12604294048072487,0,,,,,2.8338279724121094,8.0,0,1695,,,,,,,,,,,,,,,,,,,,,idle
2025-10-29T01:08:28.804864,cpu,0.09331322795341097,0.10435732113144758,0.37437603993344426,0.27875,50.0,125.0,22.3,0.8,600.0,0.10928598169717135,0,,2496.0,5,,,,,,,,,,,,,,,,,,,,,,,,,,idle
2025-10-29T01:08:28.804864,gpu,0.0959233875956607,0.02262382864792503,0.30165104863900044,0.075,57,53.376,6,0.8,26.0,0.12184150913136738,1,,,,,2.8173484802246094,8.0,0,1695,,,,,,,,,,,,,,,,,,,,,idle
2025-10-29T01:08:29.805538,cpu,0.08704242928452578,0.058496256239600655,0.37437603993344426,0.15625,50.0,125.0,12.5,0.8,600.0,0.10928598169717135,1,,2496.0,3,,,,,,,,,,,,,,,,,,,,,,,,,,idle
2025-10-29T01:08:29.805538,gpu,0.07765241235976254,0.018101251158480075,0.2896200185356812,0.0625,58,53.795,5,0.8,25.0,0.12184150913136738,1,,,,,2.8173484802246094,8.0,0,1695,,,,,,,,,,,,,,,,,,,,,idle
2025-10-29T01:08:30.808893,cpu,0.07702787021630615,0.030418053244592343,0.37437603993344426,0.08125,50.0,125.0,6.5,0.8,600.0,0.10928598169717135,1,,2496.0,3,,,,,,,,,,,,,,,,,,,,,,,,,,idle
2025-10-29T01:08:30.808893,gpu,0.0576647588977202,0.022147413182140325,0.2952988424285377,0.075,58,53.832,6,0.8,50.0,0.11343864643265239,1,,,,,2.8173484802246094,8.0,0,1695,,,,,,,,,,,,,,,,,,,,,idle
2025-10-29T01:08:31.848076,cpu,0.124948003327787,0.321963394342762,0.37437603993344426,0.8599999999999999,50.0,125.0,68.8,0.8,600.0,0.3213194675540765,0,,2496.0,16,,,,,,,,,,,,,,,,,,,,,,,,,,data_prep
2025-10-29T01:08:31.848076,gpu,0.05760461816841362,0.11336527474289837,0.31273179239420246,0.36249999999999993,57,40.575,29,0.8,600.0,0.11313854419341257,0,,,,,2.8173484802246094,8.0,0,510,,,,,,,,,,,,,,,,,,,,,data_prep
2025-10-29T01:08:32.962970,cpu,0.15957778702163058,0.28265391014975033,0.37437603993344426,0.7549999999999999,50.0,125.0,60.4,0.8,600.0,0.3213194675540765,0,,2496.0,15,,,,,,,,,,,,,,,,,,,,,,,,,,data_prep
2025-10-29T01:08:32.962970,gpu,0.04742605123087068,0.0608924884229096,0.3247599382555179,0.18749999999999997,56,36.446,15,0.8,600.0,0.11313854419341257,1,,,,,2.8173484802246094,8.0,0,390,,,,,,,,,,,,,,,,,,,,,data_prep
2025-10-29T01:08:33.886602,cpu,0.20169509151414305,0.3149438435940099,0.37437603993344426,0.8412499999999998,50.0,125.0,67.3,0.8,600.0,0.3213194675540765,0,,2496.0,16,,,,,,,,,,,,,,,,,,,,,,,,,,data_prep
2025-10-29T01:08:33.886602,gpu,0.06563448117917192,0.11366597838943125,0.3247599382555179,0.35000000000000003,56,24.362,28,0.8,600.0,0.11343864643265239,0,,,,,2.8173484802246094,8.0,0,360,,,,,,,,,,,,,,,,,,,,,data_prep
2025-10-29T01:08:34.944098,cpu,0.24690099833610643,0.28452579034941755,0.37437603993344426,0.7599999999999999,50.0,125.0,60.8,0.8,600.0,0.3213194675540765,0,,2496.0,15,,,,,,,,,,,,,,,,,,,,,,,,,,data_prep
2025-10-29T01:08:34.944098,gpu,0.08637122631663975,0.1217849768458192,0.3247599382555179,0.37499999999999994,56,23.997,30,0.8,600.0,0.12154140689212756,0,,,,,2.8173484802246094,8.0,0,330,,,,,,,,,,,,,,,,,,,,,data_prep
2025-10-29T01:08:35.910675,cpu,0.3198107321131447,0.3949667221297836,0.37437603993344426,1.055,50.0,125.0,84.4,0.8,600.0,0.394176788685524,0,,2496.0,16,,,,,,,,,,,,,,,,,,,,,,,,,,training_step
2025-10-29T01:08:35.910675,gpu,0.10711063889501432,0.12584447607401317,0.3247599382555179,0.38749999999999996,56,23.705,31,0.8,600.0,0.12559278712186514,0,,,,,2.8173484802246094,8.0,0,300,,,,,,,,,,,,,,,,,,,,,training_step
2025-10-29T01:08:36.904772,cpu,0.3178452579034941,0.3121360232945092,0.37437603993344426,0.83375,50.0,125.0,66.7,0.8,600.0,0.394176788685524,0,,2496.0,15,,,,,,,,,,,,,,,,,,,,,,,,,,data_prep
2025-10-29T01:08:36.904772,gpu,0.10960647916123728,0.12584447607401317,0.3247599382555179,0.38749999999999996,56,23.471,31,0.8,600.0,0.12559278712186514,0,,,,,2.8173484802246094,8.0,0,270,,,,,,,,,,,,,,,,,,,,,data_prep
2025-10-29T01:08:37.943633,cpu,0.3157861896838602,0.2723585690515807,0.37437603993344426,0.7275,50.0,125.0,58.2,0.8,600.0,0.394176788685524,0,,2496.0,16,,,,,,,,,,,,,,,,,,,,,,,,,,data_prep
2025-10-29T01:08:37.943633,gpu,0.12016117715454161,0.11366597838943125,0.3247599382555179,0.35000000000000003,56,24.023,28,0.8,600.0,0.12559278712186514,0,,,,,2.8173484802246094,8.0,0,585,,,,,,,,,,,,,,,,,,,,,data_prep
2025-10-29T01:08:38.920761,cpu,0.31063851913477536,0.28920549084858566,0.37437603993344426,0.7725,50.0,125.0,61.8,0.8,600.0,0.394176788685524,0,,2496.0,14,,,,,,,,,,,,,,,,,,,,,,,,,,data_prep
2025-10-29T01:08:38.920761,gpu,0.12016117715454161,0.11366597838943125,0.3247599382555179,0.35000000000000003,56,22.543,28,0.8,600.0,0.12559278712186514,0,,,,,2.8173484802246094,8.0,0,585,,,,,,,,,,,,,,,,,,,,,data_prep
2025-10-29T01:08:39.935834,cpu,0.3155990016638935,0.30932820299500824,0.37437603993344426,0.8262499999999998,50.0,125.0,66.1,0.8,600.0,0.394176788685524,0,,2496.0,15,,,,,,,,,,,,,,,,,,,,,,,,,,data_prep
2025-10-29T01:08:39.935834,gpu,0.12016117715454161,0.1217849768458192,0.3247599382555179,0.37499999999999994,56,23.342,30,0.8,600.0,0.12559278712186514,0,,,,,2.8173484802246094,8.0,0,420,,,,,,,,,,,,,,,,,,,,,data_prep
2025-10-29T01:08:40.933296,cpu,0.2917325291181364,0.2756343594009983,0.37437603993344426,0.73625,50.0,125.0,58.9,0.8,600.0,0.3115117512479202,0,,2496.0,14,,,,,,,,,,,,,,,,,,,,,,,,,,data_prep
2025-10-29T01:08:40.933296,gpu,0.11772547761762522,0.11366597838943125,0.3247599382555179,0.35000000000000003,56,23.48,28,0.8,600.0,0.12559278712186514,0,,,,,2.8173484802246094,8.0,0,600,,,,,,,,,,,,,,,,,,,,,data_prep
2025-10-29T01:08:41.908575,cpu,0.28124999999999994,0.2597233777038269,0.37437603993344426,0.69375,50.0,125.0,55.5,0.8,600.0,0.3087095465890182,0,,2496.0,16,,,,,,,,,,,,,,,,,,,,,,,,,,data_prep
2025-10-29T01:08:41.908575,gpu,0.11772547761762522,0.12584447607401317,0.3247599382555179,0.38749999999999996,56,24.222,31,0.8,600.0,0.12559278712186514,0,,,,,2.8173484802246094,8.0,0,480,,,,,,,,,,,,,,,,,,,,,data_prep
2025-10-29T01:08:42.977367,cpu,0.282560316139767,0.2789101497504159,0.37437603993344426,0.7449999999999999,50.0,125.0,59.6,0.8,600.0,0.3087095465890182,0,,2496.0,14,,,,,,,,,,,,,,,,,,,,,,,,,,data_prep
2025-10-29T01:08:42.977367,gpu,0.11853737746326401,0.11772547761762521,0.3247599382555179,0.36249999999999993,56,24.653,29,0.8,600.0,0.12559278712186514,0,,,,,2.8173484802246094,8.0,0,435,,,,,,,,,,,,,,,,,,,,,data_prep
2025-10-29T01:08:43.951046,cpu,0.3058652246256239,0.40573003327787016,0.37437603993344426,1.08375,50.0,125.0,86.7,0.8,600.0,0.4049185732113144,0,,2496.0,16,,,,,,,,,,,,,,,,,,,,,,,,,,training_step
2025-10-29T01:08:43.951046,gpu,0.11853737746326401,0.11366597838943125,0.3247599382555179,0.35000000000000003,56,24.185,28,0.8,600.0,0.12559278712186514,0,,,,,2.8173484802246094,8.0,0,630,,,,,,,,,,,,,,,,,,,,,training_step
2025-10-29T01:08:44.949116,cpu,0.3077371048252911,0.31868760399334434,0.37437603993344426,0.8512499999999998,50.0,125.0,68.1,0.8,600.0,0.4049185732113144,0,,2496.0,15,,,,,,,,,,,,,,,,,,,,,,,,,,data_prep
2025-10-29T01:08:44.949116,gpu,0.11610167792634764,0.1096064791612373,0.3247599382555179,0.3375,56,23.126,27,0.8,600.0,0.12559278712186514,0,,,,,2.8173484802246094,8.0,0,630,,,,,,,,,,,,,,,,,,,,,data_prep
2025-10-29T01:08:45.939722,cpu,0.3101705490848585,0.2878015806988352,0.37437603993344426,0.7687499999999999,50.0,125.0,61.5,0.8,600.0,0.4049185732113144,0,,2496.0,16,,,,,,,,,,,,,,,,,,,,,,,,,,data_prep
2025-10-29T01:08:45.939722,gpu,0.11610167792634764,0.11366597838943125,0.3247599382555179,0.35000000000000003,56,23.663,28,0.8,600.0,0.12559278712186514,0,,,,,2.8173484802246094,8.0,0,450,,,,,,,,,,,,,,,,,,,,,data_prep
2025-10-29T01:08:47.098327,cpu,0.31962354409317795,0.3069883527454242,0.37437603993344426,0.8199999999999998,50.0,125.0,65.6,0.8,600.0,0.4049185732113144,0,,2496.0,16,,,,,,,,,,,,,,,,,,,,,,,,,,data_prep
2025-10-29T01:08:47.098327,gpu,0.11366597838943125,0.11366597838943125,0.3247599382555179,0.35000000000000003,56,24.433,28,0.8,600.0,0.11749002666238996,0,,,,,2.8173484802246094,8.0,0,585,,,,,,,,,,,,,,,,,,,,,data_prep
2025-10-29T01:08:47.934878,cpu,0.33721921797004983,0.3668885191347754,0.37437603993344426,0.98,50.0,125.0,78.4,0.8,600.0,0.4049185732113144,0,,2496.0,16,,,,,,,,,,,,,,,,,,,,,,,,,,data_prep
2025-10-29T01:08:47.934878,gpu,0.11285407854379247,0.11366597838943125,0.3247599382555179,0.35000000000000003,56,23.703,28,0.8,600.0,0.11343864643265239,0,,,,,2.8173484802246094,8.0,0,585,,,,,,,,,,,,,,,,,,,,,data_prep
2025-10-29T01:08:48.983614,cpu,0.32233777038269545,0.33132279534109804,0.37437603993344426,0.8849999999999999,50.0,125.0,70.8,0.8,600.0,0.36615474209650584,0,,2496.0,16,,,,,,,,,,,,,,,,,,,,,,,,,,data_prep
2025-10-29T01:08:48.983614,gpu,0.11366597838943125,0.11772547761762521,0.3247599382555179,0.36249999999999993,56,24.207,29,0.8,600.0,0.11749002666238996,0,,,,,2.8173484802246094,8.0,0,450,,,,,,,,,,,,,,,,,,,,,data_prep
2025-10-29T01:08:50.083097,cpu,0.3199979201331114,0.3069883527454242,0.37437603993344426,0.8199999999999998,50.0,125.0,65.6,0.8,600.0,0.36615474209650584,0,,2496.0,16,,,,,,,,,,,,,,,,,,,,,,,,,,data_prep
2025-10-29T01:08:50.083097,gpu,0.11528977808070884,0.11772547761762521,0.3247599382555179,0.36249999999999993,56,24.951,29,0.8,600.0,0.11749002666238996,0,,,,,2.8173484802246094,8.0,0,660,,,,,,,,,,,,,,,,,,,,,data_prep
2025-10-29T01:08:50.951384,cpu,0.3170029118136439,0.27282653910149746,0.37437603993344426,0.7287499999999999,50.0,125.0,58.3,0.8,600.0,0.36615474209650584,0,,2496.0,16,,,,,,,,,,,,,,,,,,,,,,,,,,data_prep
2025-10-29T01:08:50.951384,gpu,0.11366597838943124,0.1055469799330433,0.3247599382555179,0.325,56,24.366,26,0.8,600.0,0.11749002666238996,0,,,,,2.8173484802246094,8.0,0,660,,,,,,,,,,,,,,,,,,,,,data_prep
2025-10-29T01:08:51.937101,cpu,0.3218698003327786,0.33132279534109804,0.37437603993344426,0.8849999999999999,50.0,125.0,70.8,0.8,600.0,0.36615474209650584,0,,2496.0,16,,,,,,,,,,,,,,,,,,,,,,,,,,data_prep
2025-10-29T01:08:51.937101,gpu,0.11447787823507004,0.11772547761762521,0.3247599382555179,0.36249999999999993,56,24.941,29,0.8,600.0,0.11749002666238996,0,,,,,2.8173484802246094,8.0,0,495,,,,,,,,,,,,,,,,,,,,,data_prep
2025-10-29T01:08:52.938658,cpu,0.3050228785357736,0.28265391014975033,0.37437603993344426,0.7549999999999999,50.0,125.0,60.4,0.8,600.0,0.33066014975041585,0,,2496.0,16,,,,,,,,,,,,,,,,,,,,,,,,,,data_prep
2025-10-29T01:08:52.938658,gpu,0.11691357777198642,0.12584447607401317,0.3247599382555179,0.38749999999999996,56,24.31,31,0.8,600.0,0.12559278712186514,0,,,,,2.8173484802246094,8.0,0,450,,,,,,,,,,,,,,,,,,,,,data_prep
2025-10-29T01:08:53.930146,cpu,0.3006239600665557,0.30932820299500824,0.37437603993344426,0.8262499999999998,50.0,125.0,66.1,0.8,600.0,0.33066014975041585,0,,2496.0,12,,,,,,,,,,,,,,,,,,,,,,,,,,data_prep
2025-10-29T01:08:53.930146,gpu,0.11691357777198642,0.11772547761762521,0.3247599382555179,0.36249999999999993,56,24.501,29,0.8,600.0,0.12559278712186514,0,,,,,2.8173484802246094,8.0,0,645,,,,,,,,,,,,,,,,,,,,,data_prep
2025-10-29T01:08:54.914132,cpu,0.29706738768718793,0.28920549084858566,0.37437603993344426,0.7725,50.0,125.0,61.8,0.8,600.0,0.33066014975041585,0,,2496.0,16,,,,,,,,,,,,,,,,,,,,,,,,,,data_prep
2025-10-29T01:08:54.914132,gpu,0.11691357777198642,0.11772547761762521,0.3247599382555179,0.36249999999999993,56,23.574,29,0.8,600.0,0.12559278712186514,0,,,,,2.8173484802246094,8.0,0,645,,,,,,,,,,,,,,,,,,,,,data_prep
2025-10-29T01:08:55.990322,cpu,0.3160669717138102,0.3678244592346089,0.37437603993344426,0.9824999999999998,50.0,125.0,78.6,0.8,600.0,0.36708881031613966,0,,2496.0,16,,,,,,,,,,,,,,,,,,,,,,,,,,data_prep
2025-10-29T01:08:55.990322,gpu,0.11772547761762522,0.1096064791612373,0.3247599382555179,0.3375,56,23.887,27,0.8,600.0,0.12559278712186514,0,,,,,2.8173484802246094,8.0,0,480,,,,,,,,,,,,,,,,,,,,,data_prep
2025-10-29T01:08:56.920271,cpu,0.31335274542429276,0.3177516638935108,0.37437603993344426,0.84875,50.0,125.0,67.9,0.8,600.0,0.36708881031613966,0,,2496.0,15,,,,,,,,,,,,,,,,,,,,,,,,,,data_prep
2025-10-29T01:08:56.920271,gpu,0.11853737746326401,0.1217849768458192,0.3247599382555179,0.37499999999999994,56,23.916,30,0.8,600.0,0.12559278712186514,0,,,,,2.8173484802246094,8.0,0,420,,,,,,,,,,,,,,,,,,,,,data_prep
2025-10-29T01:08:58.022568,cpu,0.32449043261231275,0.3383423460898502,0.37437603993344426,0.9037499999999999,50.0,125.0,72.3,0.8,600.0,0.36708881031613966,0,,2496.0,15,,,,,,,,,,,,,,,,,,,,,,,,,,data_prep
2025-10-29T01:08:58.022568,gpu,0.11528977808070884,0.1096064791612373,0.3247599382555179,0.3375,56,23.842,27,0.8,600.0,0.12154140689212756,0,,,,,2.8173484802246094,8.0,0,630,,,,,,,,,,,,,,,,,,,,,data_prep
2025-10-29T01:08:58.925022,cpu,0.32449043261231275,0.30932820299500824,0.37437603993344426,0.8262499999999998,50.0,125.0,66.1,0.8,600.0,0.36708881031613966,0,,2496.0,16,,,,,,,,,,,,,,,,,,,,,,,,,,data_prep
2025-10-29T01:08:58.925022,gpu,0.11366597838943125,0.1096064791612373,0.3247599382555179,0.3375,56,24.209,27,0.8,600.0,0.12154140689212756,0,,,,,2.8173484802246094,8.0,0,495,,,,,,,,,,,,,,,,,,,,,data_prep
2025-10-29T01:08:59.942154,cpu,0.3301996672212978,0.3177516638935108,0.37437603993344426,0.84875,50.0,125.0,67.9,0.8,600.0,0.36708881031613966,0,,2496.0,16,,,,,,,,,,,,,,,,,,,,,,,,,,data_prep
2025-10-29T01:08:59.942154,gpu,0.11528977808070885,0.12584447607401317,0.3247599382555179,0.38749999999999996,56,24.278,31,0.8,600.0,0.12559278712186514,0,,,,,2.8173484802246094,8.0,0,435,,,,,,,,,,,,,,,,,,,,,data_prep
2025-10-29T01:09:00.962512,cpu,0.3210274542429284,0.321963394342762,0.37437603993344426,0.8599999999999999,50.0,125.0,68.8,0.8,600.0,0.3376656613976705,0,,2496.0,16,,,,,,,,,,,,,,,,,,,,,,,,,,data_prep
2025-10-29T01:09:00.962512,gpu,0.14127057314115027,0.2395104544634444,0.3247599382555179,0.7374999999999999,56,24.491,59,0.8,600.0,0.2390314335545175,0,,,,,2.8173484802246094,8.0,0,615,,,,,,,,,,,,,,,,,,,,,data_prep
2025-10-29T01:09:01.937847,cpu,0.31438227953410974,0.28452579034941755,0.37437603993344426,0.7599999999999999,50.0,125.0,60.8,0.8,600.0,0.3376656613976705,0,,2496.0,16,,,,,,,,,,,,,,,,,,,,,,,,,,data_prep
2025-10-29T01:09:01.937847,gpu,0.13883487360423388,0.1096064791612373,0.3247599382555179,0.3375,56,23.582,27,0.8,600.0,0.2390314335545175,1,,,,,2.8173484802246094,8.0,0,615,,,,,,,,,,,,,,,,,,,,,data_prep
2025-10-29T01:09:02.989362,cpu,0.2977225457570715,0.2550436772046589,0.37437603993344426,0.68125,50.0,125.0,54.5,0.8,600.0,0.3213194675540765,0,,2496.0,15,,,,,,,,,,,,,,,,,,,,,,,,,,data_prep
2025-10-29T01:09:02.989362,gpu,0.1396467734498727,0.11366597838943125,0.3247599382555179,0.35000000000000003,56,23.315,28,0.8,600.0,0.2390314335545175,1,,,,,2.8244285583496094,8.0,0,450,,,,,,,,,,,,,,,,,,,,,data_prep
2025-10-29T01:09:03.911617,cpu,0.29659941763727116,0.30371256239600664,0.37437603993344426,0.81125,50.0,125.0,64.9,0.8,600.0,0.3213194675540765,0,,2496.0,16,,,,,,,,,,,,,,,,,,,,,,,,,,data_prep
2025-10-29T01:09:03.911617,gpu,0.1518252711344546,0.17049896758414687,0.3247599382555179,0.5249999999999999,56,20.203,42,0.8,600.0,0.2390314335545175,0,,,,,2.8251609802246094,8.0,0,330,,,,,,,,,,,,,,,,,,,,,data_prep
2025-10-29T01:09:04.962718,cpu,0.28415141430948415,0.2555116472545757,0.37437603993344426,0.6825,50.0,125.0,54.6,0.8,600.0,0.3213194675540765,0,,2496.0,16,,,,,,,,,,,,,,,,,,,,,,,,,,data_prep
2025-10-29T01:09:04.962718,gpu,0.13964677344987267,0.06495198765110358,0.3247599382555179,0.19999999999999998,56,21.92,16,0.8,600.0,0.2390314335545175,1,,,,,2.8251609802246094,8.0,0,240,,,,,,,,,,,,,,,,,,,,,data_prep
2025-10-29T01:09:05.952487,cpu,0.2743240432612313,0.27282653910149746,0.37437603993344426,0.7287499999999999,50.0,125.0,58.3,0.8,600.0,0.30310513727121463,0,,2496.0,15,,,,,,,,,,,,,,,,,,,,,,,,,,data_prep
2025-10-29T01:09:05.952487,gpu,0.11610167792634764,0.1217849768458192,0.3247599382555179,0.37499999999999994,56,21.853,30,0.8,600.0,0.17015796964897859,0,,,,,2.8261375427246094,8.0,0,210,,,,,,,,,,,,,,,,,,,,,data_prep
2025-10-29T01:09:06.954748,cpu,0.2719841930116472,0.27282653910149746,0.37437603993344426,0.7287499999999999,50.0,125.0,58.3,0.8,600.0,0.30310513727121463,0,,2496.0,15,,,,,,,,,,,,,,,,,,,,,,,,,,data_prep
2025-10-29T01:09:06.954748,gpu,0.09661608163101656,0.01217849768458192,0.3247599382555179,0.0375,56,19.025,3,0.8,600.0,0.17015796964897859,1,,,,,2.8261375427246094,8.0,0,210,,,,,,,,,,,,,,,,,,,,,data_prep
2025-10-29T01:09:07.991785,cpu,0.28536813643926784,0.321963394342762,0.37437603993344426,0.8599999999999999,50.0,125.0,68.8,0.8,600.0,0.3213194675540765,0,,2496.0,16,,,,,,,,,,,,,,,,,,,,,,,,,,data_prep
2025-10-29T01:09:07.991785,gpu,0.07631858549004669,0.01217849768458192,0.3247599382555179,0.0375,56,19.369,3,0.8,600.0,0.17015796964897859,1,,,,,2.8251609802246094,8.0,0,210,,,,,,,,,,,,,,,,,,,,,data_prep
2025-10-29T01:09:08.935793,cpu,0.28218594009983355,0.2878015806988352,0.37437603993344426,0.7687499999999999,50.0,125.0,61.5,0.8,600.0,0.3213194675540765,0,,2496.0,16,,,,,,,,,,,,,,,,,,,,,,,,,,data_prep
2025-10-29T01:09:08.935793,gpu,0.044654491510133704,0.01217849768458192,0.3247599382555179,0.0375,56,20.455,3,0.8,600.0,0.12154140689212756,1,,,,,2.8272361755371094,8.0,0,270,,,,,,,,,,,,,,,,,,,,,data_prep
2025-10-29T01:09:09.959467,cpu,0.2818115640599001,0.2536397670549085,0.37437603993344426,0.6775,50.0,125.0,54.2,0.8,600.0,0.3213194675540765,0,,2496.0,16,,,,,,,,,,,,,,,,,,,,,,,,,,data_prep
2025-10-29T01:09:09.959467,gpu,0.06576388749674236,0.17049896758414687,0.3247599382555179,0.5249999999999999,56,20.54,42,0.8,600.0,0.17015796964897859,0,,,,,2.8350486755371094,8.0,0,270,,,,,,,,,,,,,,,,,,,,,data_prep
2025-10-29T01:09:10.865290,cpu,0.28227953410981693,0.27516638935108145,0.37437603993344426,0.7349999999999999,50.0,125.0,58.8,0.8,600.0,0.3213194675540765,0,,2496.0,16,,,,,,,,,,,,,,,,,,,,,,,,,,data_prep
2025-10-29T01:09:10.865290,gpu,0.0454663913557725,0.020297496140969866,0.3247599382555179,0.0625,56,20.559,5,0.8,600.0,0.17015796964897859,1,,,,,2.8350486755371094,8.0,0,210,,,,,,,,,,,,,,,,,,,,,data_prep
2025-10-29T01:09:11.847140,cpu,0.22958610648918465,0.009359400998336105,0.37437603993344426,0.024999999999999998,50.0,125.0,2.0,0.8,600.0,0.3213194675540765,1,,2496.0,4,,,,,,,,,,,,,,,,,,,,,,,,,,idle
2025-10-29T01:09:11.847140,gpu,0.04303069181885612,0.0,0.3247599382555179,0.0,56,21.32,0,0.8,600.0,0.17015796964897859,1,,,,,2.8249168395996094,8.0,0,210,,,,,,,,,,,,,,,,,,,,,idle
2025-10-29T01:09:12.934784,cpu,0.22134983361064886,0.2807820299500831,0.37437603993344426,0.7499999999999999,50.0,125.0,60.0,0.8,600.0,0.28722597753743756,0,,2496.0,15,,,,,,,,,,,,,,,,,,,,,,,,,,data_prep
2025-10-29T01:09:12.934784,gpu,0.04059499228193973,0.0,0.3247599382555179,0.0,56,20.635,0,0.8,600.0,0.17015796964897859,1,,,,,2.8253440856933594,8.0,0,210,,,,,,,,,,,,,,,,,,,,,data_prep
2025-10-29T01:09:13.992440,cpu,0.2169509151414309,0.26580698835274535,0.37437603993344426,0.7099999999999999,50.0,125.0,56.8,0.8,600.0,0.28022046589018296,0,,2496.0,16,,,,,,,,,,,,,,,,,,,,,,,,,,data_prep
2025-10-29T01:09:13.992440,gpu,0.08687328348335102,0.2435699536916384,0.3247599382555179,0.7499999999999999,56,24.653,60,0.8,600.0,0.24308281378425511,0,,,,,2.8318748474121094,8.0,0,435,,,,,,,,,,,,,,,,,,,,,data_prep
2025-10-29T01:09:14.947419,cpu,0.22640391014975036,0.3009047420965058,0.37437603993344426,0.80375,50.0,125.0,64.3,0.8,600.0,0.3003029326123128,0,,2496.0,16,,,,,,,,,,,,,,,,,,,,,,,,,,data_prep
2025-10-29T01:09:14.947419,gpu,0.07875428502696308,0.12990397530220715,0.3247599382555179,0.39999999999999997,56,23.89,32,0.8,600.0,0.24308281378425511,1,,,,,2.8213157653808594,8.0,0,435,,,,,,,,,,,,,,,,,,,,,data_prep
2025-10-29T01:09:16.006654,cpu,0.24577787021630612,0.3720361896838602,0.37437603993344426,0.99375,50.0,125.0,79.5,0.8,600.0,0.37129211730449246,0,,2496.0,16,,,,,,,,,,,,,,,,,,,,,,,,,,data_prep
2025-10-29T01:09:16.006654,gpu,0.1217849768458192,0.23545095523525042,0.3247599382555179,0.7249999999999999,56,24.259,58,0.8,600.0,0.24308281378425511,0,,,,,2.8199729919433594,8.0,0,510,,,,,,,,,,,,,,,,,,,,,data_prep
2025-10-29T01:09:16.967671,cpu,0.3082986688851913,0.321963394342762,0.37437603993344426,0.8599999999999999,50.0,125.0,68.8,0.8,600.0,0.37129211730449246,0,,2496.0,16,,,,,,,,,,,,,,,,,,,,,,,,,,data_prep
2025-10-29T01:09:16.967671,gpu,0.14533007236934423,0.11772547761762521,0.3247599382555179,0.36249999999999993,56,23.67,29,0.8,600.0,0.24308281378425511,1,,,,,2.8255271911621094,8.0,0,510,,,,,,,,,,,,,,,,,,,,,data_prep
2025-10-29T01:09:17.997830,cpu,0.32233777038269545,0.35097753743760396,0.37437603993344426,0.9375,50.0,125.0,75.0,0.8,600.0,0.37129211730449246,0,,2496.0,16,,,,,,,,,,,,,,,,,,,,,,,,,,data_prep
2025-10-29T01:09:17.997830,gpu,0.19323216326203313,0.2395104544634444,0.3247599382555179,0.7374999999999999,56,23.861,59,0.8,600.0,0.24308281378425511,0,,,,,2.8199119567871094,8.0,0,555,,,,,,,,,,,,,,,,,,,,,data_prep
2025-10-29T01:09:18.953857,cpu,0.33160357737104823,0.3121360232945092,0.37437603993344426,0.83375,50.0,125.0,66.7,0.8,600.0,0.37129211730449246,0,,2496.0,16,,,,,,,,,,,,,,,,,,,,,,,,,,data_prep
2025-10-29T01:09:18.953857,gpu,0.16887516789286927,0.1217849768458192,0.3247599382555179,0.37499999999999994,56,24.216,30,0.8,600.0,0.2390314335545175,1,,,,,2.8166160583496094,8.0,0,555,,,,,,,,,,,,,,,,,,,,,data_prep
2025-10-29T01:09:19.992478,cpu,0.33768718801996667,0.33132279534109804,0.37437603993344426,0.8849999999999999,50.0,125.0,70.8,0.8,600.0,0.37129211730449246,0,,2496.0,16,,,,,,,,,,,,,,,,,,,,,,,,,,data_prep
2025-10-29T01:09:19.992478,gpu,0.1656275685103141,0.11366597838943125,0.3247599382555179,0.35000000000000003,56,24.265,28,0.8,600.0,0.2390314335545175,1,,,,,2.8166160583496094,8.0,0,600,,,,,,,,,,,,,,,,,,,,,data_prep
2025-10-29T01:09:20.941001,cpu,0.31924916805324455,0.27984608985024956,0.37437603993344426,0.7474999999999999,50.0,125.0,59.8,0.8,600.0,0.35027558236272877,0,,2496.0,16,,,,,,,,,,,,,,,,,,,,,,,,,,data_prep
2025-10-29T01:09:20.941001,gpu,0.14289437283242784,0.1217849768458192,0.3247599382555179,0.37499999999999994,56,23.556,30,0.8,600.0,0.2390314335545175,1,,,,,2.8166160583496094,8.0,0,600,,,,,,,,,,,,,,,,,,,,,data_prep
2025-10-29T01:09:21.993209,cpu,0.31204242928452575,0.285929700499168,0.37437603993344426,0.7637499999999999,50.0,125.0,61.1,0.8,600.0,0.35027558236272877,0,,2496.0,16,,,,,,,,,,,,,,,,,,,,,,,,,,data_prep
2025-10-29T01:09:21.993209,gpu,0.14127057314115027,0.1096064791612373,0.3247599382555179,0.3375,56,23.609,27,0.8,600.0,0.2390314335545175,1,,,,,2.8166160583496094,8.0,0,465,,,,,,,,,,,,,,,,,,,,,data_prep
2025-10-29T01:09:22.944815,cpu,0.30455490848585687,0.31353993344425957,0.37437603993344426,0.8375,50.0,125.0,67.0,0.8,600.0,0.33066014975041585,0,,2496.0,16,,,,,,,,,,,,,,,,,,,,,,,,,,data_prep
2025-10-29T01:09:22.944815,gpu,0.11610167792634764,0.11366597838943125,0.3247599382555179,0.35000000000000003,56,24.263,28,0.8,600.0,0.12154140689212756,0,,,,,2.8166160583496094,8.0,0,585,,,,,,,,,,,,,,,,,,,,,data_prep
2025-10-29T01:09:23.977812,cpu,0.3035253743760399,0.3069883527454242,0.37437603993344426,0.8199999999999998,50.0,125.0,65.6,0.8,600.0,0.33066014975041585,0,,2496.0,16,,,,,,,,,,,,,,,,,,,,,,,,,,data_prep
2025-10-29T01:09:23.977812,gpu,0.11366597838943125,0.1096064791612373,0.3247599382555179,0.3375,56,23.231,27,0.8,600.0,0.12154140689212756,0,,,,,2.8221702575683594,8.0,0,585,,,,,,,,,,,,,,,,,,,,,data_prep
2025-10-29T01:09:24.970853,cpu,0.30380615640598996,0.33272670549084854,0.37437603993344426,0.8887499999999999,50.0,125.0,71.1,0.8,600.0,0.33206125207986686,0,,2496.0,15,,,,,,,,,,,,,,,,,,,,,,,,,,data_prep
2025-10-29T01:09:24.970853,gpu,0.11366597838943125,0.11366597838943125,0.3247599382555179,0.35000000000000003,56,23.474,28,0.8,600.0,0.12154140689212756,0,,,,,2.8166160583496094,8.0,0,435,,,,,,,,,,,,,,,,,,,,,data_prep
2025-10-29T01:09:25.979409,cpu,0.30240224625623957,0.27282653910149746,0.37437603993344426,0.7287499999999999,50.0,125.0,58.3,0.8,600.0,0.33206125207986686,0,,2496.0,16,,,,,,,,,,,,,,,,,,,,,,,,,,data_prep
2025-10-29T01:09:25.979409,gpu,0.13310530036511853,0.2189815867242555,0.30734257785860425,0.7124999999999999,57,24.254,57,0.8,52.0,0.21854362355080698,0,,,,,2.8166160583496094,8.0,0,585,,,,,,,,,,,,,,,,,,,,,data_prep
2025-10-29T01:09:27.036548,cpu,0.3037125623960066,0.29248128119800326,0.37437603993344426,0.78125,50.0,125.0,62.5,0.8,600.0,0.33206125207986686,0,,2496.0,16,,,,,,,,,,,,,,,,,,,,,,,,,,data_prep
2025-10-29T01:09:27.036548,gpu,0.1363528997476737,0.12584447607401317,0.3247599382555179,0.38749999999999996,56,23.546,31,0.8,600.0,0.21854362355080698,1,,,,,2.8166160583496094,8.0,0,585,,,,,,,,,,,,,,,,,,,,,data_prep
2025-10-29T01:09:27.935262,cpu,0.300436772046589,0.29716098169717137,0.37437603993344426,0.79375,50.0,125.0,63.5,0.8,600.0,0.33206125207986686,0,,2496.0,16,,,,,,,,,,,,,,,,,,,,,,,,,,data_prep
2025-10-29T01:09:27.935262,gpu,0.13629275901836713,0.11336527474289837,0.31273179239420246,0.36249999999999993,57,24.106,29,0.8,600.0,0.21854362355080698,1,,,,,2.8166160583496094,8.0,0,435,,,,,,,,,,,,,,,,,,,,,data_prep
2025-10-29T01:09:29.058931,cpu,0.296037853577371,0.2849937603993344,0.37437603993344426,0.76125,50.0,125.0,60.9,0.8,600.0,0.33206125207986686,0,,2496.0,16,,,,,,,,,,,,,,,,,,,,,,,,,,data_prep
2025-10-29T01:09:29.058931,gpu,0.13511708719157545,0.10372812002727894,0.30734257785860425,0.3375,57,24.323,27,0.8,52.0,0.21854362355080698,1,,,,,2.8166160583496094,8.0,0,585,,,,,,,,,,,,,,,,,,,,,data_prep
2025-10-29T01:09:29.980929,cpu,0.29135815307820295,0.30932820299500824,0.37437603993344426,0.8262499999999998,50.0,125.0,66.1,0.8,600.0,0.3087095465890182,0,,2496.0,16,,,,,,,,,,,,,,,,,,,,,,,,,,data_prep
2025-10-29T01:09:29.980929,gpu,0.13511708719157545,0.11366597838943125,0.3247599382555179,0.35000000000000003,56,23.724,28,0.8,600.0,0.21854362355080698,1,,,,,2.8166160583496094,8.0,0,585,,,,,,,,,,,,,,,,,,,,,data_prep
2025-10-29T01:09:30.972451,cpu,0.28864392678868545,0.2592554076539101,0.37437603993344426,0.6924999999999999,50.0,125.0,55.4,0.8,600.0,0.3087095465890182,0,,2496.0,16,,,,,,,,,,,,,,,,,,,,,,,,,,data_prep
2025-10-29T01:09:30.972451,gpu,0.11321199531431851,0.10945612733797085,0.31273179239420246,0.35000000000000003,57,23.957,28,0.8,600.0,0.12559278712186514,0,,,,,2.8166160583496094,8.0,0,420,,,,,,,,,,,,,,,,,,,,,data_prep
2025-10-29T01:09:31.987982,cpu,0.3078306988352745,0.38841514143094835,0.37437603993344426,1.0374999999999999,50.0,125.0,83.0,0.8,600.0,0.38763831114808645,0,,2496.0,16,,,,,,,,,,,,,,,,,,,,,,,,,,training_step
2025-10-29T01:09:31.987982,gpu,0.11032543699426468,0.11141168447374404,0.30734257785860425,0.36249999999999993,57,23.89,29,0.8,52.0,0.11343864643265239,0,,,,,2.8166160583496094,8.0,0,615,,,,,,,,,,,,,,,,,,,,,training_step
2025-10-29T01:09:32.944719,cpu,0.30605241264559063,0.288269550748752,0.37437603993344426,0.7699999999999999,50.0,125.0,61.6,0.8,600.0,0.38763831114808645,0,,2496.0,16,,,,,,,,,,,,,,,,,,,,,,,,,,data_prep
2025-10-29T01:09:32.944719,gpu,0.11282127726048764,0.12584447607401317,0.3247599382555179,0.38749999999999996,56,23.169,31,0.8,600.0,0.12559278712186514,0,,,,,2.8166160583496094,8.0,0,480,,,,,,,,,,,,,,,,,,,,,data_prep
2025-10-29T01:09:34.019709,cpu,0.3058652246256239,0.2840578202995008,0.37437603993344426,0.7587499999999999,50.0,125.0,60.7,0.8,600.0,0.38763831114808645,0,,2496.0,15,,,,,,,,,,,,,,,,,,,,,,,,,,data_prep
2025-10-29T01:09:34.019709,gpu,0.11474870820361154,0.11336527474289837,0.31273179239420246,0.36249999999999993,57,23.569,29,0.8,600.0,0.12559278712186514,0,,,,,2.8221702575683594,8.0,0,420,,,,,,,,,,,,,,,,,,,,,data_prep
2025-10-29T01:09:34.949232,cpu,0.30474209650582357,0.30371256239600664,0.37437603993344426,0.81125,50.0,125.0,64.9,0.8,600.0,0.38763831114808645,0,,2496.0,16,,,,,,,,,,,,,,,,,,,,,,,,,,data_prep
2025-10-29T01:09:34.949232,gpu,0.11352949297582758,0.1075699022505115,0.30734257785860425,0.35000000000000003,57,23.875,28,0.8,52.0,0.12559278712186514,0,,,,,2.8166160583496094,8.0,0,600,,,,,,,,,,,,,,,,,,,,,data_prep
2025-10-29T01:09:36.010814,cpu,0.33487936772046584,0.4099417637271214,0.37437603993344426,1.0949999999999998,50.0,125.0,87.6,0.8,600.0,0.4091218801996671,0,,2496.0,16,,,,,,,,,,,,,,,,,,,,,,,,,,training_step
2025-10-29T01:09:36.010814,gpu,0.11518336303175845,0.11772547761762521,0.3247599382555179,0.36249999999999993,56,23.737,29,0.8,600.0,0.12559278712186514,0,,,,,2.8166160583496094,8.0,0,465,,,,,,,,,,,,,,,,,,,,,training_step
2025-10-29T01:09:36.989862,cpu,0.3166285357737104,0.29716098169717137,0.37437603993344426,0.79375,50.0,125.0,63.5,0.8,600.0,0.4091218801996671,0,,2496.0,16,,,,,,,,,,,,,,,,,,,,,,,,,,data_prep
2025-10-29T01:09:36.989862,gpu,0.11479225160460382,0.10945612733797085,0.31273179239420246,0.35000000000000003,57,24.479,28,0.8,600.0,0.12559278712186514,0,,,,,2.8166160583496094,8.0,0,600,,,,,,,,,,,,,,,,,,,,,data_prep
2025-10-29T01:09:38.006983,cpu,0.32551996672212974,0.33272670549084854,0.37437603993344426,0.8887499999999999,50.0,125.0,71.1,0.8,600.0,0.4091218801996671,0,,2496.0,16,,,,,,,,,,,,,,,,,,,,,,,,,,data_prep
2025-10-29T01:09:38.006983,gpu,0.113442406173843,0.11909524892020913,0.30734257785860425,0.38749999999999996,57,24.012,31,0.8,52.0,0.11885705842236871,0,,,,,2.8166160583496094,8.0,0,600,,,,,,,,,,,,,,,,,,,,,data_prep
2025-10-29T01:09:38.958224,cpu,0.3227121464226289,0.2700187188019967,0.37437603993344426,0.7212500000000001,50.0,125.0,57.7,0.8,600.0,0.4091218801996671,0,,2496.0,16,,,,,,,,,,,,,,,,,,,,,,,,,,data_prep
2025-10-29T01:09:38.958224,gpu,0.11500606513581402,0.12118356955275342,0.31273179239420246,0.38749999999999996,57,23.639,31,0.8,600.0,0.1209412024136479,0,,,,,2.8166160583496094,8.0,0,465,,,,,,,,,,,,,,,,,,,,,data_prep
2025-10-29T01:09:40.052093,cpu,0.33197795341098163,0.3500415973377703,0.37437603993344426,0.9349999999999999,50.0,125.0,74.8,0.8,600.0,0.4091218801996671,0,,2496.0,16,,,,,,,,,,,,,,,,,,,,,,,,,,data_prep
2025-10-29T01:09:40.052093,gpu,0.1169469691152769,0.1172744221478259,0.31273179239420246,0.37499999999999994,57,24.343,30,0.8,600.0,0.1209412024136479,0,,,,,2.8166160583496094,8.0,0,630,,,,,,,,,,,,,,,,,,,,,data_prep
2025-10-29T01:09:40.947409,cpu,0.32102745424292845,0.35518926788685523,0.37437603993344426,0.94875,50.0,125.0,75.9,0.8,600.0,0.3544788893510815,0,,2496.0,16,,,,,,,,,,,,,,,,,,,,,,,,,,data_prep
2025-10-29T01:09:40.947409,gpu,0.11607492854033154,0.11336527474289837,0.31273179239420246,0.36249999999999993,57,23.367,29,0.8,600.0,0.1209412024136479,0,,,,,2.8166160583496094,8.0,0,630,,,,,,,,,,,,,,,,,,,,,data_prep
2025-10-29T01:09:42.006458,cpu,0.32261855241264553,0.305116472545757,0.37437603993344426,0.815,50.0,125.0,65.2,0.8,600.0,0.3544788893510815,0,,2496.0,16,,,,,,,,,,,,,,,,,,,,,,,,,,data_prep
2025-10-29T01:09:42.006458,gpu,0.11529309905934602,0.10554697993304332,0.31273179239420246,0.3375,57,23.384,27,0.8,600.0,0.1209412024136479,0,,,,,2.8166160583496094,8.0,0,480,,,,,,,,,,,,,,,,,,,,,data_prep
2025-10-29T01:09:42.968829,cpu,0.3074563227953411,0.25691555740432603,0.37437603993344426,0.6862499999999999,50.0,125.0,54.9,0.8,600.0,0.3544788893510815,0,,2496.0,16,,,,,,,,,,,,,,,,,,,,,,,,,,data_prep
2025-10-29T01:09:42.968829,gpu,0.11571076318585488,0.12118356955275342,0.31273179239420246,0.38749999999999996,57,23.947,31,0.8,600.0,0.1209412024136479,0,,,,,2.8166160583496094,8.0,0,420,,,,,,,,,,,,,,,,,,,,,data_prep
2025-10-29T01:09:44.000684,cpu,0.3171900998336106,0.31868760399334434,0.37437603993344426,0.8512499999999998,50.0,125.0,68.1,0.8,600.0,0.3544788893510815,0,,2496.0,16,,,,,,,,,,,,,,,,,,,,,,,,,,data_prep
2025-10-29T01:09:44.000684,gpu,0.11258344526191287,0.10554697993304332,0.31273179239420246,0.3375,57,23.755,27,0.8,600.0,0.1209412024136479,0,,,,,2.8221702575683594,8.0,0,615,,,,,,,,,,,,,,,,,,,,,data_prep
2025-10-29T01:09:44.992440,cpu,0.3103577371048252,0.3158797836938436,0.37437603993344426,0.84375,50.0,125.0,67.5,0.8,600.0,0.3544788893510815,0,,2496.0,16,,,,,,,,,,,,,,,,,,,,,,,,,,data_prep
2025-10-29T01:09:44.992440,gpu,0.11101978629994186,0.10945612733797085,0.31273179239420246,0.35000000000000003,57,23.45,28,0.8,600.0,0.1209412024136479,0,,,,,2.8166160583496094,8.0,0,480,,,,,,,,,,,,,,,,,,,,,data_prep
2025-10-29T01:09:46.020728,cpu,0.3113872712146422,0.36033693843594006,0.37437603993344426,0.9625,50.0,125.0,77.0,0.8,600.0,0.3596162645590682,0,,2496.0,16,,,,,,,,,,,,,,,,,,,,,,,,,,data_prep
2025-10-29T01:09:46.020728,gpu,0.11258344526191287,0.12118356955275342,0.31273179239420246,0.38749999999999996,57,24.421,31,0.8,600.0,0.1209412024136479,0,,,,,2.8166160583496094,8.0,0,435,,,,,,,,,,,,,,,,,,,,,data_prep
2025-10-29T01:09:47.013909,cpu,0.3214954242928452,0.355657237936772,0.37437603993344426,0.95,50.0,125.0,76.0,0.8,600.0,0.3596162645590682,0,,2496.0,16,,,,,,,,,,,,,,,,,,,,,,,,,,data_prep
2025-10-29T01:09:47.013909,gpu,0.11336527474289837,0.10945612733797085,0.31273179239420246,0.35000000000000003,57,24.134,28,0.8,600.0,0.1209412024136479,0,,,,,2.8166160583496094,8.0,0,600,,,,,,,,,,,,,,,,,,,,,data_prep
2025-10-29T01:09:48.050119,cpu,0.3403078202995008,0.35097753743760396,0.37437603993344426,0.9375,50.0,125.0,75.0,0.8,600.0,0.3596162645590682,0,,2496.0,16,,,,,,,,,,,,,,,,,,,,,,,,,,data_prep
2025-10-29T01:09:48.050119,gpu,0.11101978629994186,0.10945612733797085,0.31273179239420246,0.35000000000000003,57,23.649,28,0.8,600.0,0.1209412024136479,0,,,,,2.8166160583496094,8.0,0,600,,,,,,,,,,,,,,,,,,,,,data_prep
2025-10-29T01:09:48.951883,cpu,0.3358153078202995,0.29622504159733776,0.37437603993344426,0.79125,50.0,125.0,63.3,0.8,600.0,0.3596162645590682,0,,2496.0,16,,,,,,,,,,,,,,,,,,,,,,,,,,data_prep
2025-10-29T01:09:48.951883,gpu,0.11258344526191287,0.11336527474289837,0.31273179239420246,0.36249999999999993,57,23.82,29,0.8,600.0,0.1209412024136479,0,,,,,2.8221702575683594,8.0,0,435,,,,,,,,,,,,,,,,,,,,,data_prep
2025-10-29T01:09:50.030790,cpu,0.3311356073211314,0.29248128119800326,0.37437603993344426,0.78125,50.0,125.0,62.5,0.8,600.0,0.3596162645590682,0,,2496.0,16,,,,,,,,,,,,,,,,,,,,,,,,,,data_prep
2025-10-29T01:09:50.030790,gpu,0.1422929655393621,0.258003728725217,0.31273179239420246,0.825,57,24.326,66,0.8,600.0,0.25748772126776653,0,,,,,2.8166160583496094,8.0,0,645,,,,,,,,,,,,,,,,,,,,,data_prep
2025-10-29T01:09:51.024202,cpu,0.3246776206322795,0.32804700499168044,0.37437603993344426,0.8762499999999999,50.0,125.0,70.1,0.8,600.0,0.3549459234608985,0,,2496.0,16,,,,,,,,,,,,,,,,,,,,,,,,,,data_prep
2025-10-29T01:09:51.024202,gpu,0.14072930657739108,0.11336527474289837,0.31273179239420246,0.36249999999999993,57,23.661,29,0.8,600.0,0.25748772126776653,1,,,,,2.8166160583496094,8.0,0,645,,,,,,,,,,,,,,,,,,,,,data_prep
2025-10-29T01:09:51.975439,cpu,0.3179388519134775,0.321963394342762,0.37437603993344426,0.8599999999999999,50.0,125.0,68.8,0.8,600.0,0.35027558236272877,0,,2496.0,16,,,,,,,,,,,,,,,,,,,,,,,,,,data_prep
2025-10-29T01:09:51.975439,gpu,0.1422929655393621,0.1172744221478259,0.31273179239420246,0.37499999999999994,57,23.853,30,0.8,600.0,0.25748772126776653,1,,,,,2.8166160583496094,8.0,0,450,,,,,,,,,,,,,,,,,,,,,data_prep
2025-10-29T01:09:52.898335,cpu,0.2542013311148086,0.032289933444259566,0.37437603993344426,0.08625000000000001,50.0,125.0,6.9,0.8,600.0,0.3273909109816971,1,,2496.0,11,,,,,,,,,,,,,,,,,,,,,,,,,,idle
2025-10-29T01:09:52.898335,gpu,0.1438566245013331,0.1172744221478259,0.31273179239420246,0.37499999999999994,57,23.825,30,0.8,600.0,0.25748772126776653,1,,,,,2.8166160583496094,8.0,0,645,,,,,,,,,,,,,,,,,,,,,idle
2025-10-29T01:09:53.899358,cpu,0.20918261231281193,0.07113144758735439,0.37437603993344426,0.18999999999999997,50.0,125.0,15.2,0.8,600.0,0.3273909109816971,1,,2496.0,12,,,,,,,,,,,,,,,,,,,,,,,,,,idle
2025-10-29T01:09:53.899358,gpu,0.1422929655393621,0.10554697993304332,0.31273179239420246,0.3375,57,22.749,27,0.8,600.0,0.25748772126776653,1,,,,,2.8166160583496094,8.0,0,645,,,,,,,,,,,,,,,,,,,,,idle
2025-10-29T01:09:54.919534,cpu,0.15461730449251243,0.01965474209650582,0.37437603993344426,0.0525,50.0,125.0,4.2,0.8,600.0,0.3273909109816971,1,,2496.0,4,,,,,,,,,,,,,,,,,,,,,,,,,,idle
2025-10-29T01:09:54.919534,gpu,0.11414710422388387,0.1172744221478259,0.31273179239420246,0.37499999999999994,57,23.632,30,0.8,600.0,0.11703987330353025,0,,,,,2.8221702575683594,8.0,0,480,,,,,,,,,,,,,,,,,,,,,idle
2025-10-29T01:09:55.891039,cpu,0.09087978369384357,0.009359400998336105,0.37437603993344426,0.024999999999999998,50.0,125.0,2.0,0.8,600.0,0.3213194675540765,1,,2496.0,6,,,,,,,,,,,,,,,,,,,,,,,,,,data_prep
2025-10-29T01:09:55.891039,gpu,0.11571076318585488,0.12118356955275342,0.31273179239420246,0.38749999999999996,57,23.589,31,0.8,600.0,0.1209412024136479,0,,,,,2.8166160583496094,8.0,0,435,,,,,,,,,,,,,,,,,,,,,data_prep
2025-10-29T01:09:56.896008,cpu,0.029201331114808646,0.013571131447587351,0.37437603993344426,0.03625,50.0,125.0,2.9,0.8,600.0,0.07098918469217969,1,,2496.0,6,,,,,,,,,,,,,,,,,,,,,,,,,,data_prep
2025-10-29T01:09:56.896008,gpu,0.13603832969147805,0.2189122546759417,0.31273179239420246,0.7000000000000001,57,24.334,56,0.8,600.0,0.2184744301665898,0,,,,,2.8166160583496094,8.0,0,585,,,,,,,,,,,,,,,,,,,,,data_prep
2025-10-29T01:09:57.901759,cpu,0.0305116472545757,0.038841514143094835,0.37437603993344426,0.10375,50.0,125.0,8.3,0.8,600.0,0.07098918469217969,1,,2496.0,10,,,,,,,,,,,,,,,,,,,,,,,,,,data_prep
2025-10-29T01:09:57.901759,gpu,0.13682015917246354,0.12118356955275342,0.31273179239420246,0.38749999999999996,57,23.433,31,0.8,600.0,0.2184744301665898,1,,,,,2.8166160583496094,8.0,0,585,,,,,,,,,,,,,,,,,,,,,data_prep
2025-10-29T01:09:58.896188,cpu,0.02311772046589018,0.03416181364392678,0.37437603993344426,0.09124999999999998,50.0,125.0,7.3,0.8,600.0,0.03876383111480865,0,,2496.0,12,,,,,,,,,,,,,,,,,,,,,,,,,,idle
2025-10-29T01:09:58.896188,gpu,0.13838381813443457,0.11336527474289837,0.31273179239420246,0.36249999999999993,57,23.862,29,0.8,600.0,0.2184744301665898,1,,,,,2.8166160583496094,8.0,0,435,,,,,,,,,,,,,,,,,,,,,idle
2025-10-29T01:09:59.899417,cpu,0.022556156405990013,0.01684692179700499,0.37437603993344426,0.045000000000000005,50.0,125.0,3.6,0.8,600.0,0.03876383111480865,1,,2496.0,2,,,,,,,,,,,,,,,,,,,,,,,,,,data_prep
2025-10-29T01:09:59.899417,gpu,0.16183870256399974,0.2345488442956518,0.31273179239420246,0.7499999999999999,57,24.343,60,0.8,600.0,0.2340797466070605,0,,,,,2.8221702575683594,8.0,0,630,,,,,,,,,,,,,,,,,,,,,data_prep
2025-10-29T01:10:00.908870,cpu,0.02236896838602329,0.008423460898502495,0.37437603993344426,0.022500000000000003,50.0,125.0,1.8,0.8,600.0,0.03876383111480865,1,,2496.0,4,,,,,,,,,,,,,,,,,,,,,,,,,,idle
2025-10-29T01:10:00.908870,gpu,0.15949321412104323,0.10945612733797085,0.31273179239420246,0.35000000000000003,57,23.368,28,0.8,600.0,0.2340797466070605,1,,,,,2.8166160583496094,8.0,0,630,,,,,,,,,,,,,,,,,,,,,idle
2025-10-29T01:10:01.932046,cpu,0.023024126455906818,0.01684692179700499,0.37437603993344426,0.045000000000000005,50.0,125.0,3.6,0.8,600.0,0.03876383111480865,1,,2496.0,4,,,,,,,,,,,,,,,,,,,,,,,,,,idle
2025-10-29T01:10:01.932046,gpu,0.13838381813443457,0.11336527474289837,0.31273179239420246,0.36249999999999993,57,22.691,29,0.8,600.0,0.2340797466070605,1,,,,,2.8166160583496094,8.0,0,465,,,,,,,,,,,,,,,,,,,,,idle
2025-10-29T01:10:02.897963,cpu,0.02040349417637271,0.02573835274542429,0.37437603993344426,0.06874999999999999,50.0,125.0,5.5,0.8,600.0,0.034093490016638923,0,,2496.0,3,,,,,,,,,,,,,,,,,,,,,,,,,,data_prep
2025-10-29T01:10:02.897963,gpu,0.13916564761542005,0.12509271695768096,0.31273179239420246,0.39999999999999997,57,24.02,32,0.8,600.0,0.2340797466070605,1,,,,,2.8166160583496094,8.0,0,570,,,,,,,,,,,,,,,,,,,,,data_prep
2025-10-29T01:10:03.898842,cpu,0.026112728785357735,0.06270798668885191,0.37437603993344426,0.1675,50.0,125.0,13.4,0.8,600.0,0.06258257071547421,0,,2496.0,7,,,,,,,,,,,,,,,,,,,,,,,,,,data_prep
2025-10-29T01:10:03.898842,gpu,0.14072930657739108,0.12118356955275342,0.31273179239420246,0.38749999999999996,57,23.822,31,0.8,600.0,0.2340797466070605,1,,,,,2.8221702575683594,8.0,0,570,,,,,,,,,,,,,,,,,,,,,data_prep
2025-10-29T01:10:04.899792,cpu,0.031073211314475872,0.04164933444259567,0.37437603993344426,0.11125,50.0,125.0,8.9,0.8,600.0,0.06258257071547421,0,,2496.0,7,,,,,,,,,,,,,,,,,,,,,,,,,,data_prep
2025-10-29T01:10:04.899792,gpu,0.1180562516288114,0.12118356955275342,0.31273179239420246,0.38749999999999996,57,23.619,31,0.8,600.0,0.12484253152376559,0,,,,,2.8166160583496094,8.0,0,450,,,,,,,,,,,,,,,,,,,,,data_prep
2025-10-29T01:10:05.901266,cpu,0.03631447587354409,0.03462978369384359,0.37437603993344426,0.09250000000000001,50.0,125.0,7.4,0.8,600.0,0.06258257071547421,1,,2496.0,6,,,,,,,,,,,,,,,,,,,,,,,,,,data_prep
2025-10-29T01:10:05.901266,gpu,0.1454202834633041,0.2462762865104344,0.31273179239420246,0.7875,57,24.068,63,0.8,600.0,0.24578373393741354,0,,,,,2.8166160583496094,8.0,0,645,,,,,,,,,,,,,,,,,,,,,data_prep
2025-10-29T01:10:06.900946,cpu,0.04136855241264559,0.042117304492512476,0.37437603993344426,0.11249999999999999,50.0,125.0,9.0,0.8,600.0,0.06258257071547421,0,,2496.0,7,,,,,,,,,,,,,,,,,,,,,,,,,,idle
2025-10-29T01:10:06.900946,gpu,0.14463845398231862,0.10945612733797085,0.31273179239420246,0.35000000000000003,57,23.281,28,0.8,600.0,0.24578373393741354,1,,,,,2.8166160583496094,8.0,0,645,,,,,,,,,,,,,,,,,,,,,idle
2025-10-29T01:10:07.902919,cpu,0.045299500831946754,0.045393094841930104,0.37437603993344426,0.12124999999999998,50.0,125.0,9.7,0.8,600.0,0.06258257071547421,0,,2496.0,11,,,,,,,,,,,,,,,,,,,,,,,,,,idle
2025-10-29T01:10:07.902919,gpu,0.1422929655393621,0.11336527474289837,0.31273179239420246,0.36249999999999993,57,23.815,29,0.8,600.0,0.24578373393741354,1,,,,,2.8166160583496094,8.0,0,480,,,,,,,,,,,,,,,,,,,,,idle
2025-10-29T01:10:08.902561,cpu,0.03818635607321131,0.027142262895174702,0.37437603993344426,0.0725,50.0,125.0,5.8,0.8,600.0,0.04530230865224624,1,,2496.0,9,,,,,,,,,,,,,,,,,,,,,,,,,,idle
2025-10-29T01:10:08.902561,gpu,0.14072930657739108,0.11336527474289837,0.31273179239420246,0.36249999999999993,57,24.565,29,0.8,600.0,0.24578373393741354,1,,,,,2.8166160583496094,8.0,0,435,,,,,,,,,,,,,,,,,,,,,idle
2025-10-29T01:10:09.902790,cpu,0.03360024958402662,0.01871880199667221,0.37437603993344426,0.049999999999999996,50.0,125.0,4.0,0.8,600.0,0.04530230865224624,1,,2496.0,4,,,,,,,,,,,,,,,,,,,,,,,,,,idle
2025-10-29T01:10:09.902790,gpu,0.13838381813443457,0.10945612733797085,0.31273179239420246,0.35000000000000003,57,23.815,28,0.8,600.0,0.24578373393741354,1,,,,,2.8166160583496094,8.0,0,630,,,,,,,,,,,,,,,,,,,,,idle
2025-10-29T01:10:10.904566,cpu,0.03294509151414309,0.03135399334442596,0.37437603993344426,0.08375,50.0,125.0,6.7,0.8,600.0,0.04530230865224624,0,,2496.0,10,,,,,,,,,,,,,,,,,,,,,,,,,,data_prep
2025-10-29T01:10:10.904566,gpu,0.11336527474289837,0.12118356955275342,0.31273179239420246,0.38749999999999996,57,23.269,31,0.8,600.0,0.1209412024136479,0,,,,,2.8166160583496094,8.0,0,630,,,,,,,,,,,,,,,,,,,,,data_prep
2025-10-29T01:10:11.904415,cpu,0.04548668885191347,0.10482529118136437,0.37437603993344426,0.27999999999999997,50.0,125.0,22.4,0.8,600.0,0.10461564059900164,0,,2496.0,8,,,,,,,,,,,,,,,,,,,,,,,,,,data_prep
2025-10-29T01:10:11.904415,gpu,0.1164925926668404,0.12509271695768096,0.31273179239420246,0.39999999999999997,57,23.709,32,0.8,600.0,0.12484253152376559,0,,,,,2.8166160583496094,8.0,0,465,,,,,,,,,,,,,,,,,,,,,data_prep
2025-10-29T01:10:12.907131,cpu,0.04118136439267886,0.023866472545757068,0.37437603993344426,0.06374999999999999,50.0,125.0,5.1,0.8,600.0,0.10461564059900164,1,,2496.0,6,,,,,,,,,,,,,,,,,,,,,,,,,,idle
2025-10-29T01:10:12.907131,gpu,0.1164925926668404,0.11336527474289837,0.31273179239420246,0.36249999999999993,57,24.312,29,0.8,600.0,0.12484253152376559,0,,,,,2.8166160583496094,8.0,0,420,,,,,,,,,,,,,,,,,,,,,idle
2025-10-29T01:10:13.906431,cpu,0.04408277870216305,0.04164933444259567,0.37437603993344426,0.11125,50.0,125.0,8.9,0.8,600.0,0.10461564059900164,1,,2496.0,5,,,,,,,,,,,,,,,,,,,,,,,,,,data_prep
2025-10-29T01:10:13.906431,gpu,0.1180562516288114,0.12118356955275342,0.31273179239420246,0.38749999999999996,57,23.195,31,0.8,600.0,0.12484253152376559,0,,,,,2.8221702575683594,8.0,0,600,,,,,,,,,,,,,,,,,,,,,data_prep
2025-10-29T01:10:14.907852,cpu,0.04483153078202994,0.022462562396006656,0.37437603993344426,0.06,50.0,125.0,4.8,0.8,600.0,0.10461564059900164,1,,2496.0,4,,,,,,,,,,,,,,,,,,,,,,,,,,idle
2025-10-29T01:10:14.907852,gpu,0.1180562516288114,0.10945612733797085,0.31273179239420246,0.35000000000000003,57,22.393,28,0.8,600.0,0.12484253152376559,0,,,,,2.8166160583496094,8.0,0,480,,,,,,,,,,,,,,,,,,,,,idle
2025-10-29T01:10:15.907418,cpu,0.0511959234608985,0.06317595673876872,0.37437603993344426,0.16875,50.0,125.0,13.5,0.8,600.0,0.10461564059900164,1,,2496.0,5,,,,,,,,,,,,,,,,,,,,,,,,,,data_prep
2025-10-29T01:10:15.907418,gpu,0.1188380811097969,0.12509271695768096,0.31273179239420246,0.39999999999999997,57,23.738,32,0.8,600.0,0.12484253152376559,0,,,,,2.8166160583496094,8.0,0,435,,,,,,,,,,,,,,,,,,,,,data_prep
2025-10-29T01:10:16.910947,cpu,0.039403078202995004,0.04586106489184692,0.37437603993344426,0.1225,50.0,125.0,9.8,0.8,600.0,0.06304960482529118,0,,2496.0,5,,,,,,,,,,,,,,,,,,,,,,,,,,idle
2025-10-29T01:10:16.910947,gpu,0.11571076318585488,0.10945612733797085,0.31273179239420246,0.35000000000000003,57,24.171,28,0.8,600.0,0.12484253152376559,0,,,,,2.8166160583496094,8.0,0,585,,,,,,,,,,,,,,,,,,,,,idle
2025-10-29T01:10:17.908595,cpu,0.04492512479201331,0.05147670549084858,0.37437603993344426,0.13749999999999998,50.0,125.0,11.0,0.8,600.0,0.06304960482529118,0,,2496.0,4,,,,,,,,,,,,,,,,,,,,,,,,,,data_prep
2025-10-29T01:10:17.908595,gpu,0.1172744221478259,0.12118356955275342,0.31273179239420246,0.38749999999999996,57,23.995,31,0.8,600.0,0.12484253152376559,0,,,,,2.8166160583496094,8.0,0,585,,,,,,,,,,,,,,,,,,,,,data_prep
2025-10-29T01:10:18.908555,cpu,0.04576747088186356,0.04586106489184692,0.37437603993344426,0.1225,50.0,125.0,9.8,0.8,600.0,0.06304960482529118,0,,2496.0,4,,,,,,,,,,,,,,,,,,,,,,,,,,idle
2025-10-29T01:10:18.908555,gpu,0.11571076318585488,0.11336527474289837,0.31273179239420246,0.36249999999999993,57,24.068,29,0.8,600.0,0.12484253152376559,0,,,,,2.8166160583496094,8.0,0,420,,,,,,,,,,,,,,,,,,,,,idle
2025-10-29T01:10:19.910810,cpu,0.04792013311148086,0.03322587354409317,0.37437603993344426,0.08874999999999998,50.0,125.0,7.1,0.8,600.0,0.06304960482529118,1,,2496.0,4,,,,,,,,,,,,,,,,,,,,,,,,,,idle
2025-10-29T01:10:19.910810,gpu,0.11571076318585488,0.10945612733797085,0.31273179239420246,0.35000000000000003,57,24.016,28,0.8,600.0,0.12484253152376559,0,,,,,2.8166160583496094,8.0,0,600,,,,,,,,,,,,,,,,,,,,,idle
2025-10-29T01:10:20.912571,cpu,0.05063435940099833,0.07674708818635605,0.37437603993344426,0.20499999999999996,50.0,125.0,16.4,0.8,600.0,0.07659359400998333,0,,2496.0,7,,,,,,,,,,,,,,,,,,,,,,,,,,idle
2025-10-29T01:10:20.912571,gpu,0.11258344526191287,0.10945612733797085,0.31273179239420246,0.35000000000000003,57,23.389,28,0.8,600.0,0.1209412024136479,0,,,,,2.8166160583496094,8.0,0,480,,,,,,,,,,,,,,,,,,,,,idle
2025-10-29T01:10:21.926261,cpu,0.04642262895174708,0.024802412645590678,0.37437603993344426,0.06624999999999999,50.0,125.0,5.3,0.8,600.0,0.07659359400998333,1,,2496.0,9,,,,,,,,,,,,,,,,,,,,,,,,,,idle
2025-10-29T01:10:21.926261,gpu,0.11336527474289837,0.11336527474289837,0.31273179239420246,0.36249999999999993,57,24.039,29,0.8,600.0,0.1209412024136479,0,,,,,2.8166160583496094,8.0,0,435,,,,,,,,,,,,,,,,,,,,,idle
2025-10-29T01:10:22.913613,cpu,0.041274958402662223,0.02573835274542429,0.37437603993344426,0.06874999999999999,50.0,125.0,5.5,0.8,600.0,0.07659359400998333,1,,2496.0,4,,,,,,,,,,,,,,,,,,,,,,,,,,idle
2025-10-29T01:10:22.913613,gpu,0.11023795681895635,0.10554697993304332,0.31273179239420246,0.3375,57,24.15,27,0.8,600.0,0.11313854419341257,0,,,,,2.8166160583496094,8.0,0,660,,,,,,,,,,,,,,,,,,,,,idle
2025-10-29T01:10:23.914494,cpu,0.039403078202995,0.03650166389351081,0.37437603993344426,0.09749999999999999,50.0,125.0,7.8,0.8,600.0,0.07659359400998333,1,,2496.0,5,,,,,,,,,,,,,,,,,,,,,,,,,,idle
2025-10-29T01:10:23.914494,gpu,0.10945612733797085,0.10945612733797085,0.31273179239420246,0.35000000000000003,57,23.052,28,0.8,600.0,0.11313854419341257,0,,,,,2.8221702575683594,8.0,0,660,,,,,,,,,,,,,,,,,,,,,idle
2025-10-29T01:10:24.918770,cpu,0.04408277870216305,0.056624376039933436,0.37437603993344426,0.15125,50.0,125.0,12.1,0.8,600.0,0.07659359400998333,0,,2496.0,7,,,,,,,,,,,,,,,,,,,,,,,,,,data_prep
2025-10-29T01:10:24.918770,gpu,0.11180161578092736,0.12118356955275342,0.31273179239420246,0.38749999999999996,57,23.085,31,0.8,600.0,0.1209412024136479,0,,,,,2.8166160583496094,8.0,0,465,,,,,,,,,,,,,,,,,,,,,data_prep
2025-10-29T01:10:25.916709,cpu,0.034910565723793675,0.03088602329450915,0.37437603993344426,0.0825,50.0,125.0,6.6,0.8,600.0,0.05651112728785357,1,,2496.0,8,,,,,,,,,,,,,,,,,,,,,,,,,,data_prep
2025-10-29T01:10:25.916709,gpu,0.11492893370486938,0.12509271695768096,0.31273179239420246,0.39999999999999997,57,24.315,32,0.8,600.0,0.12484253152376559,0,,,,,2.8166160583496094,8.0,0,420,,,,,,,,,,,,,,,,,,,,,data_prep
2025-10-29T01:10:26.916525,cpu,0.035284941763727116,0.0266742928452579,0.37437603993344426,0.07125,50.0,125.0,5.7,0.8,600.0,0.05651112728785357,1,,2496.0,4,,,,,,,,,,,,,,,,,,,,,,,,,,data_prep
2025-10-29T01:10:26.916525,gpu,0.1164925926668404,0.12118356955275342,0.31273179239420246,0.38749999999999996,57,23.807,31,0.8,600.0,0.12484253152376559,0,,,,,2.8166160583496094,8.0,0,630,,,,,,,,,,,,,,,,,,,,,data_prep
2025-10-29T01:10:27.918439,cpu,0.039777454242928445,0.04820091514143095,0.37437603993344426,0.12875,50.0,125.0,10.3,0.8,600.0,0.05651112728785357,0,,2496.0,3,,,,,,,,,,,,,,,,,,,,,,,,,,data_prep
2025-10-29T01:10:27.918439,gpu,0.1196199105907824,0.12118356955275342,0.31273179239420246,0.38749999999999996,57,23.751,31,0.8,600.0,0.12484253152376559,0,,,,,2.8166160583496094,8.0,0,510,,,,,,,,,,,,,,,,,,,,,data_prep
2025-10-29T01:10:28.951297,cpu,0.04015183028286189,0.03837354409317802,0.37437603993344426,0.10249999999999998,50.0,125.0,8.2,0.8,600.0,0.05651112728785357,0,,2496.0,3,,,,,,,,,,,,,,,,,,,,,,,,,,idle
2025-10-29T01:10:28.951297,gpu,0.12040174007176792,0.11336527474289837,0.31273179239420246,0.36249999999999993,57,23.849,29,0.8,600.0,0.12484253152376559,0,,,,,2.8166160583496094,8.0,0,450,,,,,,,,,,,,,,,,,,,,,idle
2025-10-29T01:10:29.920178,cpu,0.03799916805324459,0.04586106489184692,0.37437603993344426,0.1225,50.0,125.0,9.8,0.8,600.0,0.04810451331114809,0,,2496.0,4,,,,,,,,,,,,,,,,,,,,,,,,,,data_prep
2025-10-29T01:10:29.920178,gpu,0.1415111360583766,0.22673054948579674,0.31273179239420246,0.7249999999999999,57,24.094,58,0.8,600.0,0.22627708838682514,0,,,,,2.8221702575683594,8.0,0,600,,,,,,,,,,,,,,,,,,,,,data_prep
2025-10-29T01:10:30.921675,cpu,0.041930116472545756,0.05054076539101498,0.37437603993344426,0.135,50.0,125.0,10.8,0.8,600.0,0.050439683860232946,0,,2496.0,7,,,,,,,,,,,,,,,,,,,,,,,,,,idle
2025-10-29T01:10:30.921675,gpu,0.13716351163683804,0.10335459484998821,0.2952988424285377,0.35000000000000003,58,23.976,28,0.8,50.0,0.22627708838682514,1,,,,,2.8166160583496094,8.0,0,600,,,,,,,,,,,,,,,,,,,,,idle
2025-10-29T01:10:31.926951,cpu,0.058121880199667214,0.10763311148086521,0.37437603993344426,0.2875,50.0,125.0,23.0,0.8,600.0,0.10741784525790349,0,,2496.0,7,,,,,,,,,,,,,,,,,,,,,,,,,,idle
2025-10-29T01:10:31.926951,gpu,0.13559985267486702,0.11336527474289837,0.31273179239420246,0.36249999999999993,57,24.046,29,0.8,600.0,0.22627708838682514,1,,,,,2.8166160583496094,8.0,0,465,,,,,,,,,,,,,,,,,,,,,idle
2025-10-29T01:10:32.929969,cpu,0.0634567387687188,0.07487520798668884,0.37437603993344426,0.19999999999999998,50.0,125.0,16.0,0.8,600.0,0.10741784525790349,0,,2496.0,5,,,,,,,,,,,,,,,,,,,,,,,,,,idle
2025-10-29T01:10:32.929969,gpu,0.13403619371289602,0.11336527474289837,0.31273179239420246,0.36249999999999993,57,24.08,29,0.8,600.0,0.22627708838682514,1,,,,,2.8166160583496094,8.0,0,600,,,,,,,,,,,,,,,,,,,,,idle
2025-10-29T01:10:33.924914,cpu,0.062333610648918465,0.03275790349417637,0.37437603993344426,0.08750000000000001,50.0,125.0,7.0,0.8,600.0,0.10741784525790349,1,,2496.0,3,,,,,,,,,,,,,,,,,,,,,,,,,,idle
2025-10-29T01:10:33.924914,gpu,0.13203405773431398,0.10335459484998821,0.2952988424285377,0.35000000000000003,58,23.247,28,0.8,50.0,0.22627708838682514,1,,,,,2.8221702575683594,8.0,0,600,,,,,,,,,,,,,,,,,,,,,idle
2025-10-29T01:10:34.955282,cpu,0.06429908485856904,0.05568843594009983,0.37437603993344426,0.14875,50.0,125.0,11.9,0.8,600.0,0.10741784525790349,1,,2496.0,4,,,,,,,,,,,,,,,,,,,,,,,,,,idle
2025-10-29T01:10:34.955282,gpu,0.10936100278573431,0.11336527474289837,0.31273179239420246,0.36249999999999993,57,23.183,29,0.8,600.0,0.11313854419341257,0,,,,,2.8166160583496094,8.0,0,465,,,,,,,,,,,,,,,,,,,,,idle
2025-10-29T01:10:35.926851,cpu,0.06954034941763726,0.07674708818635605,0.37437603993344426,0.20499999999999996,50.0,125.0,16.4,0.8,600.0,0.10741784525790349,0,,2496.0,4,,,,,,,,,,,,,,,,,,,,,,,,,,data_prep
2025-10-29T01:10:35.926851,gpu,0.11370862720727286,0.12509271695768096,0.31273179239420246,0.39999999999999997,57,24.404,32,0.8,600.0,0.12484253152376559,0,,,,,2.8166160583496094,8.0,0,420,,,,,,,,,,,,,,,,,,,,,data_prep
2025-10-29T01:10:36.928042,cpu,0.053816555740432606,0.029014143094841925,0.37437603993344426,0.0775,50.0,125.0,6.2,0.8,600.0,0.07659359400998333,1,,2496.0,4,,,,,,,,,,,,,,,,,,,,,,,,,,idle
2025-10-29T01:10:36.928042,gpu,0.11292679772628735,0.10945612733797085,0.31273179239420246,0.35000000000000003,57,23.368,28,0.8,600.0,0.12484253152376559,0,,,,,2.8166160583496094,8.0,0,615,,,,,,,,,,,,,,,,,,,,,idle
2025-10-29T01:10:37.928365,cpu,0.04464434276206322,0.029014143094841925,0.37437603993344426,0.0775,50.0,125.0,6.2,0.8,600.0,0.07659359400998333,1,,2496.0,4,,,,,,,,,,,,,,,,,,,,,,,,,,data_prep
2025-10-29T01:10:37.928365,gpu,0.11313940306591935,0.11442830144105835,0.2952988424285377,0.38749999999999996,58,23.985,31,0.8,50.0,0.12484253152376559,0,,,,,2.8166160583496094,8.0,0,495,,,,,,,,,,,,,,,,,,,,,data_prep
2025-10-29T01:10:38.930467,cpu,0.04670341098169716,0.043053244592346086,0.37437603993344426,0.11499999999999999,50.0,125.0,9.2,0.8,600.0,0.07659359400998333,1,,2496.0,4,,,,,,,,,,,,,,,,,,,,,,,,,,data_prep
2025-10-29T01:10:38.930467,gpu,0.1182688569684434,0.1290018643626085,0.31273179239420246,0.4125,57,23.786,33,0.8,600.0,0.12874386063388327,0,,,,,2.8166160583496094,8.0,0,450,,,,,,,,,,,,,,,,,,,,,data_prep
2025-10-29T01:10:39.929852,cpu,0.039964642262895166,0.021994592346089848,0.37437603993344426,0.05875,50.0,125.0,4.7,0.8,600.0,0.07659359400998333,1,,2496.0,3,,,,,,,,,,,,,,,,,,,,,,,,,,data_prep
2025-10-29T01:10:39.929852,gpu,0.13919783076713232,0.21801014373634303,0.30070364653288695,0.7249999999999999,58,24.649,58,0.8,600.0,0.21757412344887034,0,,,,,2.8166160583496094,8.0,0,615,,,,,,,,,,,,,,,,,,,,,data_prep
2025-10-29T01:10:40.932270,cpu,0.036782445923460895,0.06083610648918469,0.37437603993344426,0.1625,50.0,125.0,13.0,0.8,600.0,0.06071443427620632,0,,2496.0,6,,,,,,,,,,,,,,,,,,,,,,,,,,idle
2025-10-29T01:10:40.932270,gpu,0.13485020634559378,0.10335459484998821,0.2952988424285377,0.35000000000000003,58,23.652,28,0.8,50.0,0.21757412344887034,1,,,,,2.8221702575683594,8.0,0,615,,,,,,,,,,,,,,,,,,,,,idle
2025-10-29T01:10:41.943961,cpu,0.04174292845257903,0.053816555740432606,0.37437603993344426,0.14375,50.0,125.0,11.5,0.8,600.0,0.06071443427620632,0,,2496.0,7,,,,,,,,,,,,,,,,,,,,,,,,,,idle
2025-10-29T01:10:41.943961,gpu,0.13485020634559378,0.10945612733797085,0.31273179239420246,0.35000000000000003,57,23.763,28,0.8,600.0,0.21757412344887034,1,,,,,2.8166160583496094,8.0,0,480,,,,,,,,,,,,,,,,,,,,,idle
2025-10-29T01:10:42.932211,cpu,0.044550748752079865,0.043053244592346086,0.37437603993344426,0.11499999999999999,50.0,125.0,9.2,0.8,600.0,0.06071443427620632,0,,2496.0,3,,,,,,,,,,,,,,,,,,,,,,,,,,idle
2025-10-29T01:10:42.932211,gpu,0.13376556043101642,0.10900507186817152,0.30070364653288695,0.36249999999999993,58,23.911,29,0.8,600.0,0.21757412344887034,1,,,,,2.8166160583496094,8.0,0,435,,,,,,,,,,,,,,,,,,,,,idle
2025-10-29T01:10:43.936597,cpu,0.04604825291181364,0.05054076539101498,0.37437603993344426,0.135,50.0,125.0,10.8,0.8,600.0,0.06071443427620632,0,,2496.0,5,,,,,,,,,,,,,,,,,,,,,,,,,,data_prep
2025-10-29T01:10:43.936597,gpu,0.1308508478467064,0.11442830144105835,0.2952988424285377,0.38749999999999996,58,23.956,31,0.8,50.0,0.21757412344887034,1,,,,,2.8221702575683594,8.0,0,585,,,,,,,,,,,,,,,,,,,,,data_prep
2025-10-29T01:10:44.936865,cpu,0.04941763727121464,0.038841514143094835,0.37437603993344426,0.10375,50.0,125.0,8.3,0.8,600.0,0.06071443427620632,1,,2496.0,4,,,,,,,,,,,,,,,,,,,,,,,,,,idle
2025-10-29T01:10:44.936865,gpu,0.10914004456703195,0.10945612733797085,0.31273179239420246,0.35000000000000003,57,23.265,28,0.8,600.0,0.11419944483817623,0,,,,,2.8166160583496094,8.0,0,585,,,,,,,,,,,,,,,,,,,,,idle
2025-10-29T01:10:45.936823,cpu,0.04979201331114808,0.06270798668885191,0.37437603993344426,0.1675,50.0,125.0,13.4,0.8,600.0,0.06258257071547421,0,,2496.0,3,,,,,,,,,,,,,,,,,,,,,,,,,,data_prep
2025-10-29T01:10:45.936823,gpu,0.11252541731966527,0.12028145861315477,0.30070364653288695,0.39999999999999997,58,23.95,32,0.8,600.0,0.12004089569592846,0,,,,,2.8166160583496094,8.0,0,420,,,,,,,,,,,,,,,,,,,,,data_prep
2025-10-29T01:10:46.937732,cpu,0.04651622296173045,0.03743760399334442,0.37437603993344426,0.09999999999999999,50.0,125.0,8.0,0.8,600.0,0.06258257071547421,1,,2496.0,4,,,,,,,,,,,,,,,,,,,,,,,,,,data_prep
2025-10-29T01:10:46.937732,gpu,0.11351985214028276,0.11442830144105835,0.2952988424285377,0.38749999999999996,58,23.661,31,0.8,50.0,0.12004089569592846,0,,,,,2.8166160583496094,8.0,0,585,,,,,,,,,,,,,,,,,,,,,data_prep
2025-10-29T01:10:47.938403,cpu,0.04904326123128119,0.05568843594009983,0.37437603993344426,0.14875,50.0,125.0,11.9,0.8,600.0,0.06258257071547421,0,,2496.0,4,,,,,,,,,,,,,,,,,,,,,,,,,,data_prep
2025-10-29T01:10:47.938403,gpu,0.1150233703729472,0.1165226630314937,0.30070364653288695,0.38749999999999996,58,23.654,31,0.8,600.0,0.12004089569592846,0,,,,,2.8166160583496094,8.0,0,465,,,,,,,,,,,,,,,,,,,,,data_prep
2025-10-29T01:10:48.940721,cpu,0.046422628951747084,0.03743760399334442,0.37437603993344426,0.09999999999999999,50.0,125.0,8.0,0.8,600.0,0.06258257071547421,1,,2496.0,4,,,,,,,,,,,,,,,,,,,,,,,,,,idle
2025-10-29T01:10:48.940721,gpu,0.11393872445836983,0.10900507186817152,0.30070364653288695,0.36249999999999993,58,24.488,29,0.8,600.0,0.12004089569592846,0,,,,,2.8166160583496094,8.0,0,420,,,,,,,,,,,,,,,,,,,,,idle
2025-10-29T01:10:49.971766,cpu,0.050821547420965056,0.06083610648918469,0.37437603993344426,0.1625,50.0,125.0,13.0,0.8,600.0,0.06258257071547421,0,,2496.0,6,,,,,,,,,,,,,,,,,,,,,,,,,,idle
2025-10-29T01:10:49.971766,gpu,0.11309675424807776,0.10524627628651044,0.30070364653288695,0.35000000000000003,58,23.979,28,0.8,600.0,0.12004089569592846,0,,,,,2.8166160583496094,8.0,0,585,,,,,,,,,,,,,,,,,,,,,idle
2025-10-29T01:10:50.943735,cpu,0.04866888519134775,0.051944675540765387,0.37437603993344426,0.13874999999999998,50.0,125.0,11.1,0.8,600.0,0.06071443427620632,0,,2496.0,7,,,,,,,,,,,,,,,,,,,,,,,,,,idle
2025-10-29T01:10:50.943735,gpu,0.11008971778274888,0.10524627628651044,0.30070364653288695,0.35000000000000003,58,22.96,28,0.8,600.0,0.11628961770543071,0,,,,,2.8221702575683594,8.0,0,465,,,,,,,,,,,,,,,,,,,,,idle
2025-10-29T01:10:51.946206,cpu,0.055688435940099826,0.07253535773710482,0.37437603993344426,0.19374999999999998,50.0,125.0,15.5,0.8,600.0,0.07239028702163061,0,,2496.0,4,,,,,,,,,,,,,,,,,,,,,,,,,,data_prep
2025-10-29T01:10:51.946206,gpu,0.1120121083335004,0.12404025419481587,0.30070364653288695,0.4125,58,23.945,33,0.8,600.0,0.12379217368642624,0,,,,,2.8166160583496094,8.0,0,420,,,,,,,,,,,,,,,,,,,,,data_prep
2025-10-29T01:10:52.946181,cpu,0.054190931780366054,0.04820091514143095,0.37437603993344426,0.12875,50.0,125.0,10.3,0.8,600.0,0.07239028702163061,0,,2496.0,6,,,,,,,,,,,,,,,,,,,,,,,,,,idle
2025-10-29T01:10:52.946181,gpu,0.11126034921716817,0.11276386744983259,0.30070364653288695,0.37499999999999994,58,23.983,30,0.8,600.0,0.12379217368642624,0,,,,,2.8166160583496094,8.0,0,600,,,,,,,,,,,,,,,,,,,,,idle
2025-10-29T01:10:53.945778,cpu,0.05980657237936771,0.06551580698835274,0.37437603993344426,0.17500000000000002,50.0,125.0,14.0,0.8,600.0,0.07239028702163061,0,,2496.0,7,,,,,,,,,,,,,,,,,,,,,,,,,,data_prep
2025-10-29T01:10:53.945778,gpu,0.1127638674498326,0.1165226630314937,0.30070364653288695,0.38749999999999996,58,23.502,31,0.8,600.0,0.12379217368642624,0,,,,,2.8221702575683594,8.0,0,495,,,,,,,,,,,,,,,,,,,,,data_prep
2025-10-29T01:10:54.946823,cpu,0.055314059900166385,0.03837354409317802,0.37437603993344426,0.10249999999999998,50.0,125.0,8.2,0.8,600.0,0.07239028702163061,1,,2496.0,6,,,,,,,,,,,,,,,,,,,,,,,,,,idle
2025-10-29T01:10:54.946823,gpu,0.11351562656616482,0.10900507186817152,0.30070364653288695,0.36249999999999993,58,23.651,29,0.8,600.0,0.12379217368642624,0,,,,,2.8166160583496094,8.0,0,435,,,,,,,,,,,,,,,,,,,,,idle
2025-10-29T01:10:55.947679,cpu,0.054378119800332775,0.04726497504159733,0.37437603993344426,0.12624999999999997,50.0,125.0,10.1,0.8,600.0,0.07239028702163061,0,,2496.0,4,,,,,,,,,,,,,,,,,,,,,,,,,,data_prep
2025-10-29T01:10:55.947679,gpu,0.11727442214782591,0.12404025419481587,0.30070364653288695,0.4125,58,23.973,33,0.8,600.0,0.12379217368642624,0,,,,,2.8166160583496094,8.0,0,585,,,,,,,,,,,,,,,,,,,,,data_prep
2025-10-29T01:10:56.946857,cpu,0.04689059900166389,0.03509775374376039,0.37437603993344426,0.09374999999999999,50.0,125.0,7.5,0.8,600.0,0.06538477537437604,1,,2496.0,4,,,,,,,,,,,,,,,,,,,,,,,,,,idle
2025-10-29T01:10:56.946857,gpu,0.11351562656616482,0.10524627628651044,0.30070364653288695,0.35000000000000003,58,23.604,28,0.8,600.0,0.12379217368642624,0,,,,,2.8166160583496094,8.0,0,585,,,,,,,,,,,,,,,,,,,,,idle
2025-10-29T01:10:57.947976,cpu,0.045673876871880195,0.042117304492512476,0.37437603993344426,0.11249999999999999,50.0,125.0,9.0,0.8,600.0,0.06538477537437604,1,,2496.0,4,,,,,,,,,,,,,,,,,,,,,,,,,,data_prep
2025-10-29T01:10:57.947976,gpu,0.11501914479882926,0.12028145861315477,0.30070364653288695,0.39999999999999997,58,24.07,32,0.8,600.0,0.12379217368642624,0,,,,,2.8166160583496094,8.0,0,435,,,,,,,,,,,,,,,,,,,,,data_prep
2025-10-29T01:10:58.947875,cpu,0.038841514143094835,0.03135399334442596,0.37437603993344426,0.08375,50.0,125.0,6.7,0.8,600.0,0.047170445091514135,0,,2496.0,4,,,,,,,,,,,,,,,,,,,,,,,,,,data_prep
2025-10-29T01:10:58.947875,gpu,0.11727442214782591,0.12779904977647696,0.30070364653288695,0.425,58,24.231,34,0.8,600.0,0.12754345167692402,0,,,,,2.8166160583496094,8.0,0,630,,,,,,,,,,,,,,,,,,,,,data_prep
2025-10-29T01:10:59.979008,cpu,0.041462146422628944,0.05147670549084858,0.37437603993344426,0.13749999999999998,50.0,125.0,11.0,0.8,600.0,0.051373752079866886,0,,2496.0,4,,,,,,,,,,,,,,,,,,,,,,,,,,data_prep
2025-10-29T01:10:59.979008,gpu,0.11877794038049035,0.1165226630314937,0.30070364653288695,0.38749999999999996,58,23.263,31,0.8,600.0,0.12754345167692402,0,,,,,2.8166160583496094,8.0,0,630,,,,,,,,,,,,,,,,,,,,,data_prep
2025-10-29T01:11:00.952042,cpu,0.037718386023294505,0.02854617304492512,0.37437603993344426,0.07625,50.0,125.0,6.1,0.8,600.0,0.051373752079866886,1,,2496.0,3,,,,,,,,,,,,,,,,,,,,,,,,,,data_prep
2025-10-29T01:11:00.952042,gpu,0.11802618126415813,0.12028145861315477,0.30070364653288695,0.39999999999999997,58,23.694,32,0.8,600.0,0.12754345167692402,0,,,,,2.8221702575683594,8.0,0,465,,,,,,,,,,,,,,,,,,,,,data_prep
2025-10-29T01:11:01.953504,cpu,0.03650166389351081,0.029014143094841925,0.37437603993344426,0.0775,50.0,125.0,6.2,0.8,600.0,0.051373752079866886,1,,2496.0,2,,,,,,,,,,,,,,,,,,,,,,,,,,idle
2025-10-29T01:11:01.953504,gpu,0.11877794038049035,0.10900507186817152,0.30070364653288695,0.36249999999999993,58,24.321,29,0.8,600.0,0.12754345167692402,0,,,,,2.8166160583496094,8.0,0,420,,,,,,,,,,,,,,,,,,,,,idle
2025-10-29T01:11:02.964090,cpu,0.0516638935108153,0.11792845257903492,0.37437603993344426,0.315,50.0,125.0,25.2,0.8,600.0,0.11769259567387685,0,,2496.0,8,,,,,,,,,,,,,,,,,,,,,,,,,,idle
2025-10-29T01:11:02.964090,gpu,0.11727442214782591,0.11276386744983259,0.30070364653288695,0.37499999999999994,58,23.906,30,0.8,600.0,0.12754345167692402,0,,,,,2.8166160583496094,8.0,0,660,,,,,,,,,,,,,,,,,,,,,idle
2025-10-29T01:11:03.955878,cpu,0.06598377703826955,0.10295341098169716,0.37437603993344426,0.27499999999999997,50.0,125.0,22.0,0.8,600.0,0.11769259567387685,0,,2496.0,4,,,,,,,,,,,,,,,,,,,,,,,,,,idle
2025-10-29T01:11:03.955878,gpu,0.1127638674498326,0.10524627628651044,0.30070364653288695,0.35000000000000003,58,23.026,28,0.8,600.0,0.12004089569592846,0,,,,,2.8221702575683594,8.0,0,525,,,,,,,,,,,,,,,,,,,,,idle
2025-10-29T01:11:04.955888,cpu,0.06233361064891846,0.03322587354409317,0.37437603993344426,0.08874999999999998,50.0,125.0,7.1,0.8,600.0,0.11769259567387685,1,,2496.0,2,,,,,,,,,,,,,,,,,,,,,,,,,,data_prep
2025-10-29T01:11:04.955888,gpu,0.1127638674498326,0.1165226630314937,0.30070364653288695,0.38749999999999996,58,23.759,31,0.8,600.0,0.12004089569592846,0,,,,,2.8166160583496094,8.0,0,480,,,,,,,,,,,,,,,,,,,,,data_prep
2025-10-29T01:11:05.955348,cpu,0.06476705490848585,0.04071339434276206,0.37437603993344426,0.10874999999999999,50.0,125.0,8.7,0.8,600.0,0.11769259567387685,1,,2496.0,2,,,,,,,,,,,,,,,,,,,,,,,,,,data_prep
2025-10-29T01:11:05.955348,gpu,0.1120121083335004,0.1165226630314937,0.30070364653288695,0.38749999999999996,58,23.594,31,0.8,600.0,0.11628961770543071,0,,,,,2.8166160583496094,8.0,0,435,,,,,,,,,,,,,,,,,,,,,data_prep
2025-10-29T01:11:06.956910,cpu,0.0694467554076539,0.052412645590682184,0.37437603993344426,0.13999999999999999,50.0,125.0,11.2,0.8,600.0,0.11769259567387685,1,,2496.0,3,,,,,,,,,,,,,,,,,,,,,,,,,,data_prep
2025-10-29T01:11:06.956910,gpu,0.1165226630314937,0.13155784535813803,0.30070364653288695,0.43749999999999994,58,24.385,35,0.8,600.0,0.13129472966742176,0,,,,,2.8166160583496094,8.0,0,630,,,,,,,,,,,,,,,,,,,,,data_prep
2025-10-29T01:11:07.957784,cpu,0.05858985024958402,0.06364392678868552,0.37437603993344426,0.17,50.0,125.0,13.6,0.8,600.0,0.10274750415973377,1,,2496.0,4,,,,,,,,,,,,,,,,,,,,,,,,,,idle
2025-10-29T01:11:07.957784,gpu,0.1165226630314937,0.11276386744983259,0.30070364653288695,0.37499999999999994,58,23.388,30,0.8,600.0,0.13129472966742176,0,,,,,2.8166160583496094,8.0,0,630,,,,,,,,,,,,,,,,,,,,,idle
2025-10-29T01:11:08.958007,cpu,0.043801996672212976,0.029014143094841925,0.37437603993344426,0.0775,50.0,125.0,6.2,0.8,600.0,0.06351663893510816,1,,2496.0,2,,,,,,,,,,,,,,,,,,,,,,,,,,idle
2025-10-29T01:11:08.958007,gpu,0.11727442214782591,0.10900507186817152,0.30070364653288695,0.36249999999999993,58,24.025,29,0.8,600.0,0.13129472966742176,0,,,,,2.8166160583496094,8.0,0,495,,,,,,,,,,,,,,,,,,,,,idle
2025-10-29T01:11:09.958744,cpu,0.043801996672212976,0.03322587354409317,0.37437603993344426,0.08874999999999998,50.0,125.0,7.1,0.8,600.0,0.06351663893510816,1,,2496.0,2,,,,,,,,,,,,,,,,,,,,,,,,,,data_prep
2025-10-29T01:11:09.958744,gpu,0.11802618126415812,0.12028145861315477,0.30070364653288695,0.39999999999999997,58,23.681,32,0.8,600.0,0.13129472966742176,0,,,,,2.8166160583496094,8.0,0,450,,,,,,,,,,,,,,,,,,,,,data_prep
2025-10-29T01:11:10.960165,cpu,0.0444571547420965,0.043989184692179696,0.37437603993344426,0.1175,50.0,125.0,9.4,0.8,600.0,0.06351663893510816,0,,2496.0,4,,,,,,,,,,,,,,,,,,,,,,,,,,data_prep
2025-10-29T01:11:10.960165,gpu,0.1390754365214602,0.22176893931800412,0.30070364653288695,0.7374999999999999,58,24.606,59,0.8,600.0,0.2213254014393681,0,,,,,2.8166160583496094,8.0,0,615,,,,,,,,,,,,,,,,,,,,,data_prep
2025-10-29T01:11:11.961375,cpu,0.0444571547420965,0.052412645590682184,0.37437603993344426,0.13999999999999999,50.0,125.0,11.2,0.8,600.0,0.06351663893510816,0,,2496.0,2,,,,,,,,,,,,,,,,,,,,,,,,,,idle
2025-10-29T01:11:11.961375,gpu,0.1338131227071347,0.10524627628651044,0.30070364653288695,0.35000000000000003,58,23.613,28,0.8,600.0,0.2213254014393681,1,,,,,2.8221702575683594,8.0,0,615,,,,,,,,,,,,,,,,,,,,,idle
2025-10-29T01:11:12.977096,cpu,0.040526206322795334,0.043989184692179696,0.37437603993344426,0.1175,50.0,125.0,9.4,0.8,600.0,0.05230782029950082,0,,2496.0,6,,,,,,,,,,,,,,,,,,,,,,,,,,idle
2025-10-29T01:11:12.977096,gpu,0.13306136359080248,0.10900507186817152,0.30070364653288695,0.36249999999999993,58,23.391,29,0.8,600.0,0.2213254014393681,1,,,,,2.8166160583496094,8.0,0,465,,,,,,,,,,,,,,,,,,,,,idle
2025-10-29T01:11:13.964965,cpu,0.04295965058236272,0.04118136439267887,0.37437603993344426,0.11,50.0,125.0,8.8,0.8,600.0,0.05230782029950082,0,,2496.0,3,,,,,,,,,,,,,,,,,,,,,,,,,,idle
2025-10-29T01:11:13.964965,gpu,0.13306136359080248,0.10900507186817152,0.30070364653288695,0.36249999999999993,58,23.992,29,0.8,600.0,0.2213254014393681,1,,,,,2.8166160583496094,8.0,0,615,,,,,,,,,,,,,,,,,,,,,idle
2025-10-29T01:11:14.965588,cpu,0.042117304492512476,0.029014143094841925,0.37437603993344426,0.0775,50.0,125.0,6.2,0.8,600.0,0.05230782029950082,1,,2496.0,7,,,,,,,,,,,,,,,,,,,,,,,,,,idle
2025-10-29T01:11:14.965588,gpu,0.1308060862418058,0.10900507186817152,0.30070364653288695,0.36249999999999993,58,23.226,29,0.8,600.0,0.2213254014393681,1,,,,,2.8166160583496094,8.0,0,615,,,,,,,,,,,,,,,,,,,,,idle
2025-10-29T01:11:15.967482,cpu,0.049511231281198,0.08095881863560732,0.37437603993344426,0.21625,50.0,125.0,17.3,0.8,600.0,0.0807969009983361,0,,2496.0,5,,,,,,,,,,,,,,,,,,,,,,,,,,data_prep
2025-10-29T01:11:15.967482,gpu,0.10975683098450374,0.1165226630314937,0.30070364653288695,0.38749999999999996,58,23.414,31,0.8,600.0,0.11628961770543071,0,,,,,2.8221702575683594,8.0,0,480,,,,,,,,,,,,,,,,,,,,,data_prep
2025-10-29T01:11:16.969833,cpu,0.045673876871880195,0.03322587354409317,0.37437603993344426,0.08874999999999998,50.0,125.0,7.1,0.8,600.0,0.0807969009983361,1,,2496.0,3,,,,,,,,,,,,,,,,,,,,,,,,,,idle
2025-10-29T01:11:16.969833,gpu,0.11050859010083595,0.10900507186817152,0.30070364653288695,0.36249999999999993,58,24.426,29,0.8,600.0,0.11628961770543071,0,,,,,2.8166160583496094,8.0,0,435,,,,,,,,,,,,,,,,,,,,,idle
2025-10-29T01:11:17.970647,cpu,0.04267886855241264,0.029014143094841925,0.37437603993344426,0.0775,50.0,125.0,6.2,0.8,600.0,0.0807969009983361,1,,2496.0,2,,,,,,,,,,,,,,,,,,,,,,,,,,idle
2025-10-29T01:11:17.970647,gpu,0.11050859010083595,0.10900507186817152,0.30070364653288695,0.36249999999999993,58,24.584,29,0.8,600.0,0.11628961770543071,0,,,,,2.8166160583496094,8.0,0,600,,,,,,,,,,,,,,,,,,,,,idle
2025-10-29T01:11:18.972324,cpu,0.04436356073211314,0.049604825291181355,0.37437603993344426,0.13249999999999998,50.0,125.0,10.6,0.8,600.0,0.0807969009983361,1,,2496.0,5,,,,,,,,,,,,,,,,,,,,,,,,,,data_prep
2025-10-29T01:11:18.972324,gpu,0.1120121083335004,0.1165226630314937,0.30070364653288695,0.38749999999999996,58,24.132,31,0.8,600.0,0.11628961770543071,0,,,,,2.8166160583496094,8.0,0,600,,,,,,,,,,,,,,,,,,,,,data_prep
2025-10-29T01:11:19.980829,cpu,0.0737520798668885,0.17595673876871878,0.37437603993344426,0.47,50.0,125.0,37.6,0.8,600.0,0.17560482529118135,0,,2496.0,8,,,,,,,,,,,,,,,,,,,,,,,,,,data_prep
2025-10-29T01:11:19.980829,gpu,0.11426738568249704,0.12028145861315477,0.30070364653288695,0.39999999999999997,58,24.534,32,0.8,600.0,0.12004089569592846,0,,,,,2.8166160583496094,8.0,0,465,,,,,,,,,,,,,,,,,,,,,data_prep
2025-10-29T01:11:20.974117,cpu,0.07684068219633942,0.0964018302828619,0.37437603993344426,0.2575,50.0,125.0,20.6,0.8,600.0,0.17560482529118135,1,,2496.0,11,,,,,,,,,,,,,,,,,,,,,,,,,,data_prep
2025-10-29T01:11:20.974117,gpu,0.11501914479882926,0.12028145861315477,0.30070364653288695,0.39999999999999997,58,24.899,32,0.8,600.0,0.12004089569592846,0,,,,,2.8166160583496094,8.0,0,600,,,,,,,,,,,,,,,,,,,,,data_prep
2025-10-29T01:11:21.974717,cpu,0.08535773710482528,0.07581114808652245,0.37437603993344426,0.20249999999999999,50.0,125.0,16.2,0.8,600.0,0.17560482529118135,1,,2496.0,2,,,,,,,,,,,,,,,,,,,,,,,,,,data_prep
2025-10-29T01:11:21.974717,gpu,0.1165226630314937,0.1165226630314937,0.30070364653288695,0.38749999999999996,58,24.295,31,0.8,600.0,0.12004089569592846,0,,,,,2.8221702575683594,8.0,0,600,,,,,,,,,,,,,,,,,,,,,data_prep
